j_name,seed,final_states,final_avg_p,final_avg_memory,final_max_memory,track_count,stable_tracks,node_count,edge_count,density,component_count,largest_component,mean_degree,max_degree,degree_std,mean_weighted_degree,mean_edge_K,mean_edge_d,mean_geodesic_d,max_geodesic_d,closeness_mean,clustering_coefficient,triangle_count,effective_dim,mds_cumvar_top5,gromov_delta_max,gromov_delta_mean,gromov_samples,mean_K_asymmetry,prop_monotone,prop_gradual,prop_local,prop_continuous,prop_symmetric,prop_cutoff,prop_resonant,prop_random_like,prop_long_range,prop_norm_family,prop_comment,geometry_quality,icosahedrality,comath_property_score,classification
metric_exp,0,120,0.09238311596518682,0.36018125201567924,0.5047668567422962,147,32,32,43,0.08669354838709678,5,15,2.6875,6,1.4882351124738322,1.0548165542964651,0.3924898806684522,0.9861688889360829,2.9558132285832976,7.2407750670632085,0.41435258637759,0.42604166666666665,19,4,0.5671;0.771;0.879;0.9332,0.7942030881155979,0.03841979087303036,300,0.0,1,1,1,1,1,0,0,0,moderate,L1,S7/S8 baseline,1.0,0.5374455715329346,1.0,ICO_CANDIDATE
metric_exp,1,40,0.04210631759248555,0.36761132757783027,0.5047668567422962,155,31,31,50,0.10752688172043011,4,15,3.225806451612903,6,1.4526877740900261,1.316233090207038,0.4080322579641818,0.9503947050475521,3.0714642347700196,8.829697097489232,0.5176511984546218,0.44086021505376344,27,3,0.6168;0.8314;0.9464,0.9941202952251924,0.04030104429043861,300,0.0,1,1,1,1,1,0,0,0,moderate,L1,S7/S8 baseline,1.0,0.5207549757695874,1.0,ICO_CANDIDATE
metric_exp,2,120,0.10703638000822338,0.40038926163704014,0.5047668567422962,168,30,30,40,0.09195402298850575,6,11,2.6666666666666665,6,1.3743685418725535,1.0972893722628283,0.41148351459856064,0.933605046414691,2.1224862423543014,6.494499549398165,0.665628907728802,0.5511111111111111,17,4,0.4263;0.6669;0.8159;0.9151,0.5640737669875726,0.06650401078667444,260,0.0,1,1,1,1,1,0,0,0,moderate,L1,S7/S8 baseline,1.0,0.5321513679400849,1.0,ICO_CANDIDATE
metric_exp,3,120,0.07677743488371146,0.40701879477578246,0.5047668567422962,135,29,29,39,0.0960591133004926,8,9,2.689655172413793,6,1.763684393454403,1.1416260235420566,0.4244507010605082,0.9117205954067394,1.3251144212571697,3.103027470415465,0.9157423686902705,0.43333333333333335,22,6,0.2935;0.4784;0.6371;0.7678;0.8587,0.558550651887035,0.08822290153308404,107,0.0,1,1,1,1,1,0,0,0,moderate,L1,S7/S8 baseline,0.9872727272727273,0.5250203482824359,1.0,ICO_CANDIDATE
metric_exp,4,120,0.10336111061701315,0.3786627016273522,0.5047668567422962,151,29,29,39,0.0960591133004926,5,14,2.689655172413793,7,1.4646041780410552,1.1065713287925751,0.4114175453203164,0.929057461698036,2.4006457686864113,5.986291919987991,0.6284764100391408,0.3528735632183908,17,4,0.4344;0.6727;0.8388;0.9468,0.6167935475522901,0.013873846949981224,300,0.0,1,1,1,1,1,0,0,0,moderate,L1,S7/S8 baseline,1.0,0.5578906116750926,1.0,ICO_CANDIDATE
metric_exp,5,120,0.0977908291684994,0.37510804438620604,0.5047668567422962,154,27,27,26,0.07407407407407407,10,9,1.9259259259259258,5,1.4122722936990828,0.8196333930058719,0.4255788771376643,0.9120534468293121,1.874694648279898,4.5641486299209335,0.7993124401061346,0.4012345679012346,10,8,0.3221;0.511;0.6264;0.7167;0.7813,0.4734370474773133,0.051001203982967466,300,0.0,1,1,1,1,1,0,0,0,moderate,L1,S7/S8 baseline,0.9363636363636364,0.5058199509719785,1.0,ICO_CANDIDATE
metric_exp,6,120,0.08561615896322629,0.3795238783846473,0.5047668567422962,153,27,27,26,0.07407407407407407,6,7,1.9259259259259258,5,1.0514866345613623,0.8285050627073692,0.43018532102113405,0.9068291699319142,1.9190362666392007,5.369410968414098,0.6444974081914888,0.2074074074074074,5,4,0.2974;0.5637;0.8002;0.9073,0.8922735994153079,0.02064924340440896,45,0.0,1,1,1,1,1,0,0,0,moderate,L1,S7/S8 baseline,1.0,0.4813736459280565,1.0,ICO_CANDIDATE
metric_exp,7,120,0.18377306711384914,0.19538165239496597,0.5047668567422962,142,33,33,52,0.09848484848484848,6,18,3.1515151515151514,7,1.9558957046187788,1.170839740241591,0.37151645603819716,1.0320276508582027,2.835797630641019,7.258124588727813,0.5731068255182324,0.43737373737373736,27,5,0.4449;0.6462;0.7966;0.8973;0.9483,0.6869022201894226,0.05533179321989965,300,0.0,1,1,1,1,1,0,0,0,moderate,L1,S7/S8 baseline,1.0,0.5010219479131244,1.0,ICO_CANDIDATE
metric_exp,8,120,0.09835065799525752,0.34416875673091,0.5047668567422962,144,31,31,48,0.1032258064516129,5,13,3.096774193548387,6,1.633417922731892,1.2472144001700365,0.4027463167215743,0.9650974007555265,2.278029905366228,6.036727029984595,0.5060008383137695,0.5483870967741935,29,4,0.4958;0.7406;0.8918;0.9458,0.7125176873629258,0.08314273078393197,297,0.0,1,1,1,1,1,0,0,0,moderate,L1,S7/S8 baseline,1.0,0.4964751967473348,1.0,ICO_CANDIDATE
metric_exp,9,120,0.07712513183387702,0.43754868726038804,0.5047668567422962,173,21,21,14,0.06666666666666667,9,6,1.3333333333333333,3,0.835710894037345,0.6101376230314401,0.4576032172735801,0.8574294317615369,1.6100781991698683,4.126850607630274,1.123661135357275,0.2222222222222222,2,7,0.2629;0.4285;0.5672;0.6792;0.7908,0.0,0.0,300,0.0,1,1,1,1,1,0,0,0,moderate,L1,S7/S8 baseline,0.9518181818181818,0.45100406551098204,1.0,ICO_CANDIDATE
metric_exp,10,120,0.1047412324092615,0.3457737350367505,0.5047668567422962,152,32,32,41,0.08266129032258064,4,16,2.5625,5,1.3213984069916234,0.9670996762477023,0.3774047517064204,1.0211042775541024,3.0711525548299012,8.288281096762827,0.4768350437304541,0.190625,10,3,0.4913;0.7851;0.9467,0.9833188806190847,0.007242522217250429,300,0.0,1,1,1,1,1,0,0,0,moderate,L1,S7/S8 baseline,1.0,0.5006713221146721,1.0,ICO_CANDIDATE
metric_exp,11,120,0.10115833121825112,0.3424037323245275,0.5047668567422962,128,34,34,44,0.0784313725490196,10,8,2.588235294117647,5,1.6109486985446062,1.2417311851184112,0.47975977606847703,0.8157158057186924,1.538577301529776,4.297506651307785,0.7902823340619689,0.5529411764705883,31,8,0.24;0.4383;0.598;0.7343;0.8133,0.06846941750173263,0.00899933065808806,40,0.0,1,1,1,1,1,0,0,0,moderate,L1,S7/S8 baseline,0.9281283422459894,0.4403130602317957,1.0,GOOD_PROTO_GEOMETRY
metric_exp,12,120,0.10738419590011741,0.40353337168844206,0.5047668567422962,142,35,35,50,0.08403361344537816,2,34,2.857142857142857,5,1.124858267715973,1.1169707216851505,0.3909397525898027,0.9941218515607533,5.4132302360184195,14.562401007550372,0.18452966334707036,0.27714285714285714,15,3,0.5236;0.8376;0.9475,3.2167769567207545,0.411748497510868,300,0.0,1,1,1,1,1,0,0,0,moderate,L1,S7/S8 baseline,0.9700824743355579,0.5297837037651755,1.0,ICO_CANDIDATE
metric_exp,13,120,0.11609760017781233,0.26787378175143284,0.5047668567422962,144,29,29,33,0.0812807881773399,9,8,2.2758620689655173,4,1.3364015431086966,0.9330083295010657,0.4099582053868319,0.9414604259280289,1.5538610049635944,4.707936437886057,0.8009292845495188,0.4885057471264368,14,7,0.2848;0.5059;0.6551;0.7563;0.8388,0.3284953013326337,0.059665861358376794,146,0.0,1,1,1,1,1,0,0,0,moderate,L1,S7/S8 baseline,0.9618181818181818,0.5250835830479009,1.0,ICO_CANDIDATE
metric_exp,14,120,0.09228131658652436,0.3971881950203033,0.5047668567422962,162,34,34,60,0.10695187165775401,4,26,3.5294117647058822,7,1.9438484284539184,1.4138901008020768,0.4006021952272551,0.9862554522007565,3.5012659316319876,8.884771465384684,0.368591026467238,0.43179271708683475,39,3,0.5829;0.8173;0.9029,0.8014339435035724,0.056459553595848734,300,0.0,1,1,1,1,1,0,0,0,moderate,L1,S7/S8 baseline,1.0,0.4689058953679359,1.0,ICO_CANDIDATE
metric_exp,15,120,0.150346945646925,0.21344471635346104,0.5047668567422962,143,33,33,48,0.09090909090909091,6,14,2.909090909090909,6,1.729663417312768,1.1689102821380044,0.40181290948493903,0.967504024772578,2.6894564918921633,6.164688794126027,0.38292936852466547,0.4585858585858586,26,5,0.6089;0.7614;0.8295;0.8755;0.9216,0.3441985344391085,0.029425546791322872,300,0.0,1,1,1,1,1,0,0,0,moderate,L1,S7/S8 baseline,1.0,0.4909294245365312,1.0,ICO_CANDIDATE
metric_exp,16,120,0.09294014776635366,0.28716596912238646,0.5047668567422962,159,34,34,42,0.0748663101604278,8,13,2.4705882352941178,6,1.459961605410689,1.0775019645341533,0.43613174754953826,0.8770332563155181,2.349025004267628,5.346497353392227,0.6290635958952304,0.4764705882352941,19,6,0.3429;0.5614;0.6862;0.7602;0.8342,0.26257776977369574,0.022525784714543317,300,0.0,1,1,1,1,1,0,0,0,moderate,L1,S7/S8 baseline,0.9872727272727273,0.5128900817093556,1.0,ICO_CANDIDATE
metric_exp,17,120,0.09988915068674217,0.39762851962542123,0.5047668567422962,150,35,35,54,0.0907563025210084,5,28,3.085714285714286,7,1.8726822409341646,1.303417549377563,0.42240383544643245,0.9161865028171731,4.051654411954863,8.614208514788508,0.40381877507858455,0.35496598639455784,27,5,0.5082;0.6818;0.7788;0.8742;0.9463,0.8283051705210527,0.04461636114015147,300,0.0,1,1,1,1,1,0,0,0,moderate,L1,S7/S8 baseline,1.0,0.4987295010391344,1.0,ICO_CANDIDATE
metric_exp,18,120,0.08165216210657708,0.40727222822284836,0.5047668567422962,186,33,33,45,0.08522727272727272,8,15,2.727272727272727,7,1.7968444945907387,1.1014260414251917,0.403856215189237,0.9499854397487952,2.4398097473660374,6.663512787992193,0.7900972158811648,0.36017316017316015,20,6,0.3738;0.5425;0.6623;0.7602;0.8403,1.0250771611110312,0.13000850587752738,300,0.0,1,1,1,1,1,0,0,0,moderate,L1,S7/S8 baseline,0.9872727272727273,0.5228102591072349,1.0,ICO_CANDIDATE
metric_exp,19,120,0.08789092611359166,0.31819839874642597,0.5047668567422962,144,35,35,39,0.06554621848739496,9,15,2.2285714285714286,6,1.4944796377853737,0.9133313797968374,0.40982818324217063,0.9320417569510635,2.075060555451812,4.5556560888888225,0.8127718490742747,0.3019047619047619,11,7,0.3444;0.4884;0.6316;0.7482;0.8289,1.1259042004787556,0.20596840946956246,300,0.0,1,1,1,1,1,0,0,0,moderate,L1,S7/S8 baseline,0.9618181818181818,0.48569063619645597,1.0,ICO_CANDIDATE
exp_alpha_0_5,0,120,0.11271995189483085,0.4733498670906744,0.5045902726720848,84,4,4,1,0.16666666666666666,3,2,0.5,1,0.5,0.41767114752120943,0.8353422950424189,0.1799137039488055,0.1799137039488055,0.1799137039488055,2.7791101457300615,0.0,0,2,0.5238;0.9048,nan,nan,0,0.0,1,1,1,1,1,0,0,0,strong,L1,slow exponential decay; tends to weak differentiation,0.5515896444738567,0.3626466260639637,0.95,FAILED_FRAGMENTED
exp_alpha_0_5,1,120,0.11085805866705208,0.4696650918082852,0.5027162725805205,110,2,2,0,0.0,2,1,0,0,0.0,0.0,0.0,0.0,0.0,0.0,0.0,0.0,0,0,,nan,nan,0,0.0,1,1,1,1,1,0,0,0,strong,L1,slow exponential decay; tends to weak differentiation,0.17,0.3498195250748265,0.95,FAILED_COLLAPSE
exp_alpha_0_5,2,120,0.12037359123778858,0.4737519014985948,0.5038356184411806,96,1,1,0,0.0,1,1,0,0,0.0,0.0,0.0,0.0,0.0,0.0,0.0,0.0,0,0,,nan,nan,0,0.0,1,1,1,1,1,0,0,0,strong,L1,slow exponential decay; tends to weak differentiation,0.13029411764705884,0.3614364115831765,0.95,FAILED_COLLAPSE
exp_alpha_0_5,3,120,0.10586493415773209,0.4768252312963864,0.503883705064112,96,2,2,1,1.0,1,2,1,1,0.0,0.25796810254797725,0.25796810254797725,1.354919335238747,1.354919335238747,1.354919335238747,0.7380513171463395,0.0,0,0,,nan,nan,0,0.0,1,1,1,1,1,0,0,0,strong,L1,slow exponential decay; tends to weak differentiation,0.2752941176470588,0.37953821737877835,0.95,FAILED_FRAGMENTED
exp_alpha_0_5,4,120,0.11255805427201898,0.46709620952004166,0.5037802859693944,97,3,3,2,0.6666666666666666,1,3,1.3333333333333333,2,0.4714045207910317,0.4671958116959956,0.3503968587719967,1.0669169616123573,1.4225559488164763,2.1338339232247145,0.7304923550322845,0.0,0,1,1.0,nan,nan,0,0.0,1,1,1,1,1,0,0,0,strong,L1,slow exponential decay; tends to weak differentiation,0.4107703081232493,0.37001438625373684,0.95,FAILED_OVERCONNECTED
exp_alpha_0_5,5,120,0.11242819728709756,0.47741109448921815,0.5037802859693944,84,8,8,16,0.5714285714285714,1,8,4,6,1.5,1.472462518457988,0.368115629614497,1.0541597044502504,1.5076487349074137,2.666319443845724,0.7096088265777206,0.7166666666666667,11,3,0.4893;0.7716;0.925,0.3911234197357676,0.1135517210662582,300,0.0,1,1,1,1,1,0,0,0,strong,L1,slow exponential decay; tends to weak differentiation,0.8285594237695078,0.7303988313352825,0.95,FAILED_OVERCONNECTED
exp_alpha_0_5,6,120,0.12133836849760707,0.4735043186086446,0.5037802859693944,74,6,6,4,0.26666666666666666,2,4,1.3333333333333333,2,0.4714045207910317,0.5437784964830277,0.40783387236227076,0.9514474711894736,1.5982541950406115,3.300756520820737,1.0566461396351157,0.0,0,1,0.9051,4.440892098500626e-16,2.1316282072803005e-16,300,0.0,1,1,1,1,1,0,0,0,strong,L1,slow exponential decay; tends to weak differentiation,0.6633333333333333,0.3962477321614978,0.95,GOOD_PROTO_GEOMETRY
exp_alpha_0_5,7,120,0.09783158207990941,0.45444240128757535,0.49293644101310524,99,5,5,3,0.3,2,3,1.2,2,0.4,0.4181214816688015,0.3484345680573346,1.1032211318745928,1.4852529404634844,2.631348366230159,0.9444546434258547,0.0,0,2,0.8957;0.9935,nan,nan,0,0.0,1,1,1,1,1,0,0,0,strong,L1,slow exponential decay; tends to weak differentiation,0.6849999999999999,0.38701002301920295,0.95,GOOD_PROTO_GEOMETRY
exp_alpha_0_5,8,120,0.13039445473467162,0.46096263056024495,0.5037802859693944,104,6,6,3,0.2,3,4,1,2,0.816496580927726,0.4102377699931706,0.4102377699931706,0.9097381493000226,1.5373501058346832,2.729214447900068,0.44979825805638113,0.0,0,2,0.5966;0.9096,2.220446049250313e-16,2.220446049250313e-16,300,0.0,1,1,1,1,1,0,0,0,strong,L1,slow exponential decay; tends to weak differentiation,0.7000000000000001,0.37559310708941673,0.95,GOOD_PROTO_GEOMETRY
exp_alpha_0_5,9,120,0.10873915563501445,0.4667317882948661,0.5042497134612948,95,3,3,1,0.3333333333333333,2,2,0.6666666666666666,1,0.4714045207910317,0.23449435552129652,0.3517415332819448,1.0448586535489888,1.0448586535489888,1.0448586535489888,0.6380448344876627,0.0,0,2,0.8333;1.0,nan,nan,0,0.0,1,1,1,1,1,0,0,0,strong,L1,slow exponential decay; tends to weak differentiation,0.635,0.35929068239401063,0.95,FAILED_FRAGMENTED
exp_alpha_0_5,10,120,0.10583467085728673,0.48320501502735963,0.5038563574491294,76,6,6,5,0.3333333333333333,2,5,1.6666666666666667,3,0.9428090415820634,0.5907742799594518,0.354464567975671,1.0580898640627714,1.66559888948812,3.0375451271267426,0.5188546248593859,0.0,0,2,0.807;0.9586,0.6878203393213522,0.26824993233532735,300,0.0,1,1,1,1,1,0,0,0,strong,L1,slow exponential decay; tends to weak differentiation,0.72,0.384964154452763,0.95,GOOD_PROTO_GEOMETRY
exp_alpha_0_5,11,120,0.11745972758291862,0.4620550589784735,0.5037802859693944,114,1,1,0,0.0,1,1,0,0,0.0,0.0,0.0,0.0,0.0,0.0,0.0,0.0,0,0,,nan,nan,0,0.0,1,1,1,1,1,0,0,0,strong,L1,slow exponential decay; tends to weak differentiation,0.13029411764705884,0.3614364115831765,0.95,FAILED_COLLAPSE
exp_alpha_0_5,12,120,0.11124731915822443,0.46789837886784513,0.49983884732354456,90,4,4,2,0.3333333333333333,2,2,1,1,0.0,0.32631602186195285,0.32631602186195285,1.1201198854871532,1.1201198854871532,1.1416107348363038,0.8930903369944052,0.0,0,3,0.7851;0.8967;1.0,nan,nan,0,0.0,1,1,1,1,1,0,0,0,strong,L1,slow exponential decay; tends to weak differentiation,0.66,0.3936634560865313,0.95,FAILED_FRAGMENTED
exp_alpha_0_5,13,120,0.11444985622184779,0.4742105705911904,0.5038697362887351,98,3,3,1,0.3333333333333333,2,2,0.6666666666666666,1,0.4714045207910317,0.23339595582225658,0.3500939337333849,1.0495537784113245,1.0495537784113245,1.0495537784113245,0.6351905737272256,0.0,0,2,0.8333;1.0,nan,nan,0,0.0,1,1,1,1,1,0,0,0,strong,L1,slow exponential decay; tends to weak differentiation,0.635,0.35929068239401063,0.95,FAILED_FRAGMENTED
exp_alpha_0_5,14,120,0.11631348456599551,0.47675381741487155,0.5037802859693944,91,5,5,4,0.4,1,5,1.6,2,0.4898979485566356,0.596343238988309,0.3727145243676931,1.0066844010419798,1.9668575241149329,4.026737604167919,0.5364862425878644,0.0,0,1,1.0,0.0,0.0,300,0.0,1,1,1,1,1,0,0,0,strong,L1,slow exponential decay; tends to weak differentiation,0.5979131652661064,0.3912417854874223,0.95,FAILED_OVERCONNECTED
exp_alpha_0_5,15,120,0.10075917669040577,0.4770143948057709,0.5038563574491294,77,5,5,5,0.5,2,4,2,3,1.0954451150103321,0.7653760706323075,0.38268803531615375,0.9822099817206181,1.150469019619668,1.9917642091149181,0.7239078719726862,0.6666666666666666,2,2,0.8445;0.9826,0.18890911351275386,0.18890911351275386,300,0.0,1,1,1,1,1,0,0,0,strong,L1,slow exponential decay; tends to weak differentiation,0.7478571428571429,0.609328929627643,0.95,FAILED_OVERCONNECTED
exp_alpha_0_5,16,120,0.12203208112626754,0.4691288387559985,0.5016572205237222,106,2,2,0,0.0,2,1,0,0,0.0,0.0,0.0,0.0,0.0,0.0,0.0,0.0,0,0,,nan,nan,0,0.0,1,1,1,1,1,0,0,0,strong,L1,slow exponential decay; tends to weak differentiation,0.17,0.3498195250748265,0.95,FAILED_COLLAPSE
exp_alpha_0_5,17,120,0.10933714930034216,0.4728873550737464,0.5037802859693944,104,3,3,1,0.3333333333333333,2,2,0.6666666666666666,1,0.4714045207910317,0.19503286390697197,0.29254929586045797,1.2291220936540257,1.2291220936540257,1.2291220936540257,0.5423925500230415,0.0,0,2,0.8333;1.0,nan,nan,0,0.0,1,1,1,1,1,0,0,0,strong,L1,slow exponential decay; tends to weak differentiation,0.635,0.35929068239401063,0.95,FAILED_FRAGMENTED
exp_alpha_0_5,18,120,0.11651245237966332,0.47257249879747887,0.5016448090604372,94,7,7,9,0.42857142857142855,2,6,2.5714285714285716,4,1.3997084244475304,1.0705792104131622,0.41633635960511867,0.9507253837181001,1.6430309392189113,3.438942965640571,0.5529650772780221,0.5238095238095238,5,2,0.8126;0.9927,0.32422604115343123,0.08926239709680434,300,0.0,1,1,1,1,1,0,0,0,strong,L1,slow exponential decay; tends to weak differentiation,0.8534153661464585,0.6468583902530902,0.95,ICO_CANDIDATE
exp_alpha_0_5,19,120,0.13262751110615675,0.397468444731889,0.474850312935652,147,4,4,1,0.16666666666666666,3,2,0.5,1,0.5,0.14590485176947732,0.29180970353895463,1.2316533893718031,1.2316533893718031,1.2316533893718031,0.4059583680884618,0.0,0,2,0.5238;0.9048,nan,nan,0,0.0,1,1,1,1,1,0,0,0,strong,L1,slow exponential decay; tends to weak differentiation,0.65,0.3626466260639637,0.95,FAILED_FRAGMENTED
exp_alpha_1_0,0,120,0.09238311596518682,0.36018125201567924,0.5047668567422962,147,32,32,43,0.08669354838709678,5,15,2.6875,6,1.4882351124738322,1.0548165542964651,0.3924898806684522,0.9861688889360829,2.9558132285832976,7.2407750670632085,0.41435258637759,0.42604166666666665,19,4,0.5671;0.771;0.879;0.9332,0.7942030881155979,0.03841979087303036,300,0.0,1,1,1,1,1,0,0,0,moderate,L1,same as metric_exp,1.0,0.5374455715329346,1.0,ICO_CANDIDATE
exp_alpha_1_0,1,40,0.04210631759248555,0.36761132757783027,0.5047668567422962,155,31,31,50,0.10752688172043011,4,15,3.225806451612903,6,1.4526877740900261,1.316233090207038,0.4080322579641818,0.9503947050475521,3.0714642347700196,8.829697097489232,0.5176511984546218,0.44086021505376344,27,3,0.6168;0.8314;0.9464,0.9941202952251924,0.04030104429043861,300,0.0,1,1,1,1,1,0,0,0,moderate,L1,same as metric_exp,1.0,0.5207549757695874,1.0,ICO_CANDIDATE
exp_alpha_1_0,2,120,0.10703638000822338,0.40038926163704014,0.5047668567422962,168,30,30,40,0.09195402298850575,6,11,2.6666666666666665,6,1.3743685418725535,1.0972893722628283,0.41148351459856064,0.933605046414691,2.1224862423543014,6.494499549398165,0.665628907728802,0.5511111111111111,17,4,0.4263;0.6669;0.8159;0.9151,0.5640737669875726,0.06650401078667444,260,0.0,1,1,1,1,1,0,0,0,moderate,L1,same as metric_exp,1.0,0.5321513679400849,1.0,ICO_CANDIDATE
exp_alpha_1_0,3,120,0.07677743488371146,0.40701879477578246,0.5047668567422962,135,29,29,39,0.0960591133004926,8,9,2.689655172413793,6,1.763684393454403,1.1416260235420566,0.4244507010605082,0.9117205954067394,1.3251144212571697,3.103027470415465,0.9157423686902705,0.43333333333333335,22,6,0.2935;0.4784;0.6371;0.7678;0.8587,0.558550651887035,0.08822290153308404,107,0.0,1,1,1,1,1,0,0,0,moderate,L1,same as metric_exp,0.9872727272727273,0.5250203482824359,1.0,ICO_CANDIDATE
exp_alpha_1_0,4,120,0.10336111061701315,0.3786627016273522,0.5047668567422962,151,29,29,39,0.0960591133004926,5,14,2.689655172413793,7,1.4646041780410552,1.1065713287925751,0.4114175453203164,0.929057461698036,2.4006457686864113,5.986291919987991,0.6284764100391408,0.3528735632183908,17,4,0.4344;0.6727;0.8388;0.9468,0.6167935475522901,0.013873846949981224,300,0.0,1,1,1,1,1,0,0,0,moderate,L1,same as metric_exp,1.0,0.5578906116750926,1.0,ICO_CANDIDATE
exp_alpha_1_0,5,120,0.0977908291684994,0.37510804438620604,0.5047668567422962,154,27,27,26,0.07407407407407407,10,9,1.9259259259259258,5,1.4122722936990828,0.8196333930058719,0.4255788771376643,0.9120534468293121,1.874694648279898,4.5641486299209335,0.7993124401061346,0.4012345679012346,10,8,0.3221;0.511;0.6264;0.7167;0.7813,0.4734370474773133,0.051001203982967466,300,0.0,1,1,1,1,1,0,0,0,moderate,L1,same as metric_exp,0.9363636363636364,0.5058199509719785,1.0,ICO_CANDIDATE
exp_alpha_1_0,6,120,0.08561615896322629,0.3795238783846473,0.5047668567422962,153,27,27,26,0.07407407407407407,6,7,1.9259259259259258,5,1.0514866345613623,0.8285050627073692,0.43018532102113405,0.9068291699319142,1.9190362666392007,5.369410968414098,0.6444974081914888,0.2074074074074074,5,4,0.2974;0.5637;0.8002;0.9073,0.8922735994153079,0.02064924340440896,45,0.0,1,1,1,1,1,0,0,0,moderate,L1,same as metric_exp,1.0,0.4813736459280565,1.0,ICO_CANDIDATE
exp_alpha_1_0,7,120,0.18377306711384914,0.19538165239496597,0.5047668567422962,142,33,33,52,0.09848484848484848,6,18,3.1515151515151514,7,1.9558957046187788,1.170839740241591,0.37151645603819716,1.0320276508582027,2.835797630641019,7.258124588727813,0.5731068255182324,0.43737373737373736,27,5,0.4449;0.6462;0.7966;0.8973;0.9483,0.6869022201894226,0.05533179321989965,300,0.0,1,1,1,1,1,0,0,0,moderate,L1,same as metric_exp,1.0,0.5010219479131244,1.0,ICO_CANDIDATE
exp_alpha_1_0,8,120,0.09835065799525752,0.34416875673091,0.5047668567422962,144,31,31,48,0.1032258064516129,5,13,3.096774193548387,6,1.633417922731892,1.2472144001700365,0.4027463167215743,0.9650974007555265,2.278029905366228,6.036727029984595,0.5060008383137695,0.5483870967741935,29,4,0.4958;0.7406;0.8918;0.9458,0.7125176873629258,0.08314273078393197,297,0.0,1,1,1,1,1,0,0,0,moderate,L1,same as metric_exp,1.0,0.4964751967473348,1.0,ICO_CANDIDATE
exp_alpha_1_0,9,120,0.07712513183387702,0.43754868726038804,0.5047668567422962,173,21,21,14,0.06666666666666667,9,6,1.3333333333333333,3,0.835710894037345,0.6101376230314401,0.4576032172735801,0.8574294317615369,1.6100781991698683,4.126850607630274,1.123661135357275,0.2222222222222222,2,7,0.2629;0.4285;0.5672;0.6792;0.7908,0.0,0.0,300,0.0,1,1,1,1,1,0,0,0,moderate,L1,same as metric_exp,0.9518181818181818,0.45100406551098204,1.0,ICO_CANDIDATE
exp_alpha_1_0,10,120,0.1047412324092615,0.3457737350367505,0.5047668567422962,152,32,32,41,0.08266129032258064,4,16,2.5625,5,1.3213984069916234,0.9670996762477023,0.3774047517064204,1.0211042775541024,3.0711525548299012,8.288281096762827,0.4768350437304541,0.190625,10,3,0.4913;0.7851;0.9467,0.9833188806190847,0.007242522217250429,300,0.0,1,1,1,1,1,0,0,0,moderate,L1,same as metric_exp,1.0,0.5006713221146721,1.0,ICO_CANDIDATE
exp_alpha_1_0,11,120,0.10115833121825112,0.3424037323245275,0.5047668567422962,128,34,34,44,0.0784313725490196,10,8,2.588235294117647,5,1.6109486985446062,1.2417311851184112,0.47975977606847703,0.8157158057186924,1.538577301529776,4.297506651307785,0.7902823340619689,0.5529411764705883,31,8,0.24;0.4383;0.598;0.7343;0.8133,0.06846941750173263,0.00899933065808806,40,0.0,1,1,1,1,1,0,0,0,moderate,L1,same as metric_exp,0.9281283422459894,0.4403130602317957,1.0,GOOD_PROTO_GEOMETRY
exp_alpha_1_0,12,120,0.10738419590011741,0.40353337168844206,0.5047668567422962,142,35,35,50,0.08403361344537816,2,34,2.857142857142857,5,1.124858267715973,1.1169707216851505,0.3909397525898027,0.9941218515607533,5.4132302360184195,14.562401007550372,0.18452966334707036,0.27714285714285714,15,3,0.5236;0.8376;0.9475,3.2167769567207545,0.411748497510868,300,0.0,1,1,1,1,1,0,0,0,moderate,L1,same as metric_exp,0.9700824743355579,0.5297837037651755,1.0,ICO_CANDIDATE
exp_alpha_1_0,13,120,0.11609760017781233,0.26787378175143284,0.5047668567422962,144,29,29,33,0.0812807881773399,9,8,2.2758620689655173,4,1.3364015431086966,0.9330083295010657,0.4099582053868319,0.9414604259280289,1.5538610049635944,4.707936437886057,0.8009292845495188,0.4885057471264368,14,7,0.2848;0.5059;0.6551;0.7563;0.8388,0.3284953013326337,0.059665861358376794,146,0.0,1,1,1,1,1,0,0,0,moderate,L1,same as metric_exp,0.9618181818181818,0.5250835830479009,1.0,ICO_CANDIDATE
exp_alpha_1_0,14,120,0.09228131658652436,0.3971881950203033,0.5047668567422962,162,34,34,60,0.10695187165775401,4,26,3.5294117647058822,7,1.9438484284539184,1.4138901008020768,0.4006021952272551,0.9862554522007565,3.5012659316319876,8.884771465384684,0.368591026467238,0.43179271708683475,39,3,0.5829;0.8173;0.9029,0.8014339435035724,0.056459553595848734,300,0.0,1,1,1,1,1,0,0,0,moderate,L1,same as metric_exp,1.0,0.4689058953679359,1.0,ICO_CANDIDATE
exp_alpha_1_0,15,120,0.150346945646925,0.21344471635346104,0.5047668567422962,143,33,33,48,0.09090909090909091,6,14,2.909090909090909,6,1.729663417312768,1.1689102821380044,0.40181290948493903,0.967504024772578,2.6894564918921633,6.164688794126027,0.38292936852466547,0.4585858585858586,26,5,0.6089;0.7614;0.8295;0.8755;0.9216,0.3441985344391085,0.029425546791322872,300,0.0,1,1,1,1,1,0,0,0,moderate,L1,same as metric_exp,1.0,0.4909294245365312,1.0,ICO_CANDIDATE
exp_alpha_1_0,16,120,0.09294014776635366,0.28716596912238646,0.5047668567422962,159,34,34,42,0.0748663101604278,8,13,2.4705882352941178,6,1.459961605410689,1.0775019645341533,0.43613174754953826,0.8770332563155181,2.349025004267628,5.346497353392227,0.6290635958952304,0.4764705882352941,19,6,0.3429;0.5614;0.6862;0.7602;0.8342,0.26257776977369574,0.022525784714543317,300,0.0,1,1,1,1,1,0,0,0,moderate,L1,same as metric_exp,0.9872727272727273,0.5128900817093556,1.0,ICO_CANDIDATE
exp_alpha_1_0,17,120,0.09988915068674217,0.39762851962542123,0.5047668567422962,150,35,35,54,0.0907563025210084,5,28,3.085714285714286,7,1.8726822409341646,1.303417549377563,0.42240383544643245,0.9161865028171731,4.051654411954863,8.614208514788508,0.40381877507858455,0.35496598639455784,27,5,0.5082;0.6818;0.7788;0.8742;0.9463,0.8283051705210527,0.04461636114015147,300,0.0,1,1,1,1,1,0,0,0,moderate,L1,same as metric_exp,1.0,0.4987295010391344,1.0,ICO_CANDIDATE
exp_alpha_1_0,18,120,0.08165216210657708,0.40727222822284836,0.5047668567422962,186,33,33,45,0.08522727272727272,8,15,2.727272727272727,7,1.7968444945907387,1.1014260414251917,0.403856215189237,0.9499854397487952,2.4398097473660374,6.663512787992193,0.7900972158811648,0.36017316017316015,20,6,0.3738;0.5425;0.6623;0.7602;0.8403,1.0250771611110312,0.13000850587752738,300,0.0,1,1,1,1,1,0,0,0,moderate,L1,same as metric_exp,0.9872727272727273,0.5228102591072349,1.0,ICO_CANDIDATE
exp_alpha_1_0,19,120,0.08789092611359166,0.31819839874642597,0.5047668567422962,144,35,35,39,0.06554621848739496,9,15,2.2285714285714286,6,1.4944796377853737,0.9133313797968374,0.40982818324217063,0.9320417569510635,2.075060555451812,4.5556560888888225,0.8127718490742747,0.3019047619047619,11,7,0.3444;0.4884;0.6316;0.7482;0.8289,1.1259042004787556,0.20596840946956246,300,0.0,1,1,1,1,1,0,0,0,moderate,L1,same as metric_exp,0.9618181818181818,0.48569063619645597,1.0,ICO_CANDIDATE
exp_alpha_2_0,0,120,0.059560592529038336,0.3110555733258783,0.5047668567422962,128,22,22,5,0.021645021645021644,17,3,0.45454545454545453,2,0.655554777357089,0.15255244763776846,0.3356153848030906,1.1028884159635526,1.4523042594169104,2.362850744105332,0.2878948572681245,0.0,0,15,0.135;0.2508;0.3385;0.3875;0.4364,nan,nan,0,0.0,1,1,1,1,1,0,0,0,weak,L1,fast exponential decay; fragmentation risk,0.47428571428571425,0.274407461541449,1.0,WEAK_GEOMETRY
exp_alpha_2_0,1,120,0.2004980868280327,0.18288718981546095,0.5047668567422962,44,22,22,3,0.012987012987012988,20,3,0.2727272727272727,2,0.6863485850246136,0.1176390121205924,0.4313430444421721,0.9358636618266254,0.9358636618266254,1.3102617609708032,0.15255885717512466,0.13636363636363635,1,18,0.1187;0.1669;0.215;0.2632;0.3113,nan,nan,0,0.0,1,1,1,1,1,0,0,0,weak,L1,fast exponential decay; fragmentation risk,0.5354205225360782,0.35086833935581613,1.0,WEAK_GEOMETRY
exp_alpha_2_0,2,120,0.046411748950351446,0.2082017870225587,0.5047668567422962,109,21,21,9,0.04285714285714286,13,4,0.8571428571428571,2,0.832993127835043,0.3679184257515139,0.42923816337676624,0.9163793946189795,1.33916621925076,3.2514178317322138,0.5514789147061587,0.14285714285714285,1,11,0.1847;0.341;0.4647;0.5539;0.607,0.0,0.0,300,0.0,1,1,1,1,1,0,0,0,weak,L1,fast exponential decay; fragmentation risk,0.7409523809523809,0.3908507904541119,1.0,GOOD_PROTO_GEOMETRY
exp_alpha_2_0,3,120,0.03550897329864093,0.20877015986253433,0.5047668567422962,358,18,18,10,0.06535947712418301,11,5,1.1111111111111112,4,1.2422599874998832,0.42419461916092716,0.38177515724483446,1.0065657493087907,1.3001344479468546,2.3733040299621844,0.6995518967765894,0.19444444444444445,4,10,0.239;0.3646;0.487;0.5813;0.645,0.04874808983830525,0.018686767771350348,300,0.0,1,1,1,1,1,0,0,0,weak,L1,fast exponential decay; fragmentation risk,0.8354545454545454,0.443221652774885,1.0,GOOD_PROTO_GEOMETRY
exp_alpha_2_0,4,120,0.054423627489403575,0.3297953051664638,0.5047668567422962,218,17,17,2,0.014705882352941176,15,2,0.23529411764705882,1,0.42418250299576343,0.10781741607454445,0.4582240183168139,0.7943228255461958,0.7943228255461958,0.9615980238696028,0.3099659733197363,0.0,0,13,0.1164;0.2183;0.2815;0.3448;0.4081,nan,nan,0,0.0,1,1,1,1,1,0,0,0,weak,L1,fast exponential decay; fragmentation risk,0.3841422684773082,0.3097039536482394,1.0,FAILED_FRAGMENTED
exp_alpha_2_0,5,120,0.055512580040856165,0.3219822377601615,0.5047668567422962,128,25,25,4,0.013333333333333334,21,3,0.32,2,0.5455272678794343,0.13074165670373683,0.40856767719917764,1.0198302472796978,1.34641653120166,2.6527616668895098,0.5056160795546456,0.0,0,18,0.1094;0.193;0.2679;0.3102;0.3526,nan,nan,0,0.0,1,1,1,1,1,0,0,0,weak,L1,fast exponential decay; fragmentation risk,0.4252,0.25913527037588413,1.0,WEAK_GEOMETRY
exp_alpha_2_0,6,120,0.06757709571251301,0.1969796883066327,0.5047668567422962,105,24,24,12,0.043478260869565216,15,6,1,5,1.224744871391589,0.3782030638644786,0.3782030638644786,1.012129801024514,1.5405645272545592,2.657276491938682,0.4702965384173596,0.24444444444444444,3,13,0.2084;0.3314;0.4226;0.4994;0.5458,0.3835584363658877,0.07415463103073829,300,0.0,1,1,1,1,1,0,0,0,weak,L1,fast exponential decay; fragmentation risk,0.8065217391304348,0.3980299652072156,1.0,GOOD_PROTO_GEOMETRY
exp_alpha_2_0,7,120,0.05140871821826386,0.31064295411414633,0.5047668567422962,127,23,23,5,0.019762845849802372,18,3,0.43478260869565216,2,0.5768043113661565,0.18290047689056332,0.4206710968482957,0.8933163723983057,1.0725128722113515,1.96849537127658,0.4482183099801433,0.0,0,16,0.1202;0.2119;0.3015;0.3775;0.424,nan,nan,0,0.0,1,1,1,1,1,0,0,0,weak,L1,fast exponential decay; fragmentation risk,0.46418972332015807,0.27135960787153685,1.0,WEAK_GEOMETRY
exp_alpha_2_0,8,120,0.043853256435140285,0.23940659276059503,0.5047668567422962,237,22,22,7,0.030303030303030304,16,4,0.6363636363636364,3,0.8813963377120598,0.2521616732033722,0.3962540578910134,0.9727159520247308,1.2195908996153673,2.3218365406492247,0.3512298209712542,0.10606060606060606,1,14,0.1692;0.2943;0.3815;0.431;0.4806,0.0,0.0,300,0.0,1,1,1,1,1,0,0,0,weak,L1,fast exponential decay; fragmentation risk,0.6709090909090909,0.3672329648107152,1.0,GOOD_PROTO_GEOMETRY
exp_alpha_2_0,9,120,0.03960957466537077,0.21574327592167042,0.5047668567422962,243,22,22,5,0.021645021645021644,17,3,0.45454545454545453,2,0.5821022034029862,0.1983035349661703,0.4362677769255746,0.9327002510775441,1.0197236951741093,1.4548409156569355,0.42203034889098157,0.0,0,15,0.1234;0.216;0.3046;0.3805;0.4292,nan,nan,0,0.0,1,1,1,1,1,0,0,0,weak,L1,fast exponential decay; fragmentation risk,0.47428571428571425,0.27739561757700193,1.0,WEAK_GEOMETRY
exp_alpha_2_0,10,28,0.03825466012867462,0.42954542663557127,0.5047668567422962,80,29,29,14,0.034482758620689655,16,5,0.9655172413793104,4,0.8898957172802717,0.37525962504834,0.38866175451435214,0.9690595868543525,1.3155556920946323,2.5156039104819445,0.6462372334421246,0.07471264367816093,1,14,0.1599;0.2666;0.3708;0.4593;0.5338,0.0,0.0,300,0.0,1,1,1,1,1,0,0,0,weak,L1,fast exponential decay; fragmentation risk,0.7203448275862068,0.3621358047485259,1.0,GOOD_PROTO_GEOMETRY
exp_alpha_2_0,11,120,0.06306128277732345,0.301230213035903,0.5047668567422962,65,19,19,2,0.011695906432748537,17,2,0.21052631578947367,1,0.40768245749551757,0.09207271275149774,0.4373453855696143,0.8655134478210235,0.8655134478210235,1.1447178158523361,0.271490819559387,0.0,0,15,0.1052;0.1968;0.2529;0.309;0.3651,nan,nan,0,0.0,1,1,1,1,1,0,0,0,weak,L1,fast exponential decay; fragmentation risk,0.37491424531747014,0.2903463112989621,1.0,FAILED_FRAGMENTED
exp_alpha_2_0,12,120,0.04726744586157554,0.24518882325435368,0.5047668567422962,228,19,19,8,0.04678362573099415,13,3,0.8421052631578947,2,0.8743814592545341,0.3156398032663959,0.37482226637884514,1.0073062544062596,1.0073062544062596,1.1732334896671066,0.5418412786483484,0.3157894736842105,2,12,0.1512;0.2799;0.3855;0.4722;0.53,nan,nan,0,0.0,1,1,1,1,1,0,0,0,weak,L1,fast exponential decay; fragmentation risk,0.7268421052631578,0.4110425368636508,1.0,GOOD_PROTO_GEOMETRY
exp_alpha_2_0,13,120,0.05111486942717019,0.33385918423095395,0.5047668567422962,254,23,23,5,0.019762845849802372,18,3,0.43478260869565216,2,0.6478114967717974,0.19746729422014458,0.45417477670633255,0.8471597844357636,1.0503257588491564,2.213016176790239,0.39409176198583723,0.0,0,16,0.134;0.2469;0.3303;0.3769;0.4236,nan,nan,0,0.0,1,1,1,1,1,0,0,0,weak,L1,fast exponential decay; fragmentation risk,0.46418972332015807,0.2684646530386087,1.0,WEAK_GEOMETRY
exp_alpha_2_0,14,120,0.07048428284199867,0.2939062857705903,0.5047668567422962,114,19,19,12,0.07017543859649122,8,5,1.263157894736842,4,0.8486587103472157,0.5839390059034291,0.46228504634021467,0.8420579949771293,1.3106999273516202,2.6058825503226535,1.1787568965942419,0.11403508771929824,1,7,0.2441;0.4247;0.575;0.6979;0.82,0.0,0.0,300,0.0,1,1,1,1,1,0,0,0,weak,L1,fast exponential decay; fragmentation risk,0.9318181818181819,0.43443606838643645,1.0,GOOD_PROTO_GEOMETRY
exp_alpha_2_0,15,120,0.04782525224786976,0.3135046998322351,0.5047668567422962,254,16,16,2,0.016666666666666666,14,2,0.25,1,0.4330127018922193,0.08473763637195031,0.33895054548780124,1.0866500931083913,1.0866500931083913,1.1841852135532198,0.23193341375832416,0.0,0,12,0.1211;0.2282;0.2958;0.3633;0.4309,nan,nan,0,0.0,1,1,1,1,1,0,0,0,weak,L1,fast exponential decay; fragmentation risk,0.42,0.3213876754208756,1.0,FAILED_FRAGMENTED
exp_alpha_2_0,16,120,0.04479644633336977,0.2416969756103861,0.5047668567422962,306,14,14,2,0.02197802197802198,12,3,0.2857142857142857,2,0.5890150893739515,0.10423924011790074,0.3648373404126526,1.0083036674329282,1.344404889910571,2.0166073348658564,0.16529411927161639,0.0,0,10,0.1883;0.2675;0.3467;0.4259;0.5051,nan,nan,0,0.0,1,1,1,1,1,0,0,0,weak,L1,fast exponential decay; fragmentation risk,0.5145754245754246,0.35589872190507954,1.0,WEAK_GEOMETRY
exp_alpha_2_0,17,120,0.050178903598773035,0.33840581201325404,0.5047668567422962,214,24,24,12,0.043478260869565216,14,5,1,3,0.9128709291752769,0.3704342338877255,0.3704342338877255,1.0209566595168351,1.567390316503605,3.752060683749896,0.5100097993859858,0.2222222222222222,2,12,0.1928;0.3289;0.4425;0.5343;0.6071,0.0,0.0,300,0.0,1,1,1,1,1,0,0,0,weak,L1,fast exponential decay; fragmentation risk,0.7831884057971015,0.39690130997039386,1.0,GOOD_PROTO_GEOMETRY
exp_alpha_2_0,18,120,0.05172895905456741,0.32349866676045574,0.5047668567422962,213,24,24,17,0.06159420289855073,13,5,1.4166666666666667,4,1.4409680388158819,0.5070100567838366,0.3578894518474141,1.0589170621164867,1.2058406739282936,2.767996267269245,0.6657830894200465,0.20833333333333334,10,11,0.1993;0.3297;0.4423;0.5344;0.6253,0.1685036787725699,0.09983586090800713,300,0.0,1,1,1,1,1,0,0,0,weak,L1,fast exponential decay; fragmentation risk,0.8366666666666667,0.43386501522601506,1.0,GOOD_PROTO_GEOMETRY
exp_alpha_2_0,19,120,0.10178034570177202,0.23904857123329645,0.5047668567422962,83,19,19,2,0.011695906432748537,17,2,0.21052631578947367,1,0.40768245749551757,0.07189729811678995,0.3415121660547523,1.0886580742936043,1.0886580742936043,1.2580939580926733,0.19818204785903842,0.0,0,15,0.1022;0.1933;0.2494;0.3055;0.3615,nan,nan,0,0.0,1,1,1,1,1,0,0,0,weak,L1,fast exponential decay; fragmentation risk,0.3910526315789473,0.2903463112989621,1.0,FAILED_FRAGMENTED
rational_p1,0,120,0.10472465905070244,0.4283784991662569,0.5047668567422962,161,18,18,57,0.37254901960784315,1,18,6.333333333333333,8,1.1055415967851332,2.1831315126033575,0.3447049756742143,1.0913550948787534,1.9142998113657903,3.7095795904310265,0.5234582310346708,0.487962962962963,50,4,0.3812;0.667;0.8162;0.9069,1.3858082347312348,0.3108993859848361,300,0.0,1,1,1,1,1,0,0,0,strong,L1,long-range algebraic tail; overconnection risk,0.9636974789915965,0.6269175288748764,0.95,FAILED_OVERCONNECTED
rational_p1,1,120,0.11523211794470183,0.44862771623966324,0.5047668567422962,151,17,17,62,0.45588235294117646,1,17,7.294117647058823,10,1.3179621472004752,2.514344995063757,0.3447085880329344,1.0960016043186915,1.755144161225564,3.309541058252656,0.5720860096746901,0.5804388422035481,77,4,0.3961;0.6951;0.8611;0.9158,1.0643422186562763,0.2796901343802566,300,0.0,1,1,1,1,1,0,0,0,strong,L1,long-range algebraic tail; overconnection risk,0.9208403361344538,0.5609218323597259,0.95,FAILED_OVERCONNECTED
rational_p1,2,120,0.10742852396102974,0.4505762053501664,0.5047668567422962,141,21,21,107,0.5095238095238095,1,21,10.19047619047619,17,2.5563934345656283,3.449625364168848,0.3385146385399337,1.1135352870816735,1.654686797157062,3.2964990537754804,0.6112116657679648,0.6438809867381297,218,5,0.3533;0.6012;0.7958;0.8984;0.9348,1.004041176672104,0.2525135742310404,300,0.0,1,1,1,1,1,0,0,0,strong,L1,long-range algebraic tail; overconnection risk,0.813967587034814,0.3963600073905713,0.95,FAILED_OVERCONNECTED
rational_p1,3,120,0.0925830808633882,0.45410938754738844,0.5047668567422962,150,20,20,99,0.5210526315789473,1,20,9.9,15,2.8442925306655784,3.5401551334629353,0.3575914276225187,1.0695108183379063,1.6164741727506058,3.457489527062075,0.6332343545144784,0.6549555999555999,204,5,0.4471;0.6826;0.799;0.8777;0.912,0.8671293871129984,0.21292930239731014,300,0.0,1,1,1,1,1,0,0,0,strong,L1,long-range algebraic tail; overconnection risk,0.8251813356921716,0.402414340716555,0.95,FAILED_OVERCONNECTED
rational_p1,4,120,0.10392346510028529,0.4406347660928041,0.5039651820600943,175,12,12,31,0.4696969696969697,1,12,5.166666666666667,8,1.9507833184532708,1.7192768063752668,0.3327632528468258,1.1181976216291585,1.8878795490023978,4.29974731709382,0.5500925489160737,0.6160714285714286,32,3,0.527;0.8671;0.937,0.937757744393291,0.2460014799492869,300,0.0,1,1,1,1,1,0,0,0,strong,L1,long-range algebraic tail; overconnection risk,0.9137356760886172,0.8648467658929508,0.95,FAILED_OVERCONNECTED
rational_p1,5,120,0.11635561912150892,0.4509148567412328,0.5047668567422962,136,15,15,49,0.4666666666666667,1,15,6.533333333333333,8,1.2578641509408806,2.4214531258704124,0.3706305804903693,1.0335194364386586,1.74736066086061,3.183170353113584,0.5774624713790983,0.6125396825396825,58,4,0.4848;0.7446;0.8925;0.9462,1.1394222535050025,0.3041341822277559,300,0.0,1,1,1,1,1,0,0,0,strong,L1,long-range algebraic tail; overconnection risk,0.9152941176470587,0.6541102746382996,0.95,FAILED_OVERCONNECTED
rational_p1,6,120,0.09414293858395963,0.4365909968286498,0.504428528034652,160,17,17,62,0.45588235294117646,1,17,7.294117647058823,9,1.2725475089872904,2.555078389589876,0.35029300502441846,1.0843997358077202,1.7533246316869295,3.2254607682633516,0.5731006761038192,0.5638188608776844,73,5,0.4464;0.6701;0.7852;0.8674;0.9176,1.092408884005534,0.26325814759780464,300,0.0,1,1,1,1,1,0,0,0,strong,L1,long-range algebraic tail; overconnection risk,0.9208403361344538,0.5655963571428368,0.95,FAILED_OVERCONNECTED
rational_p1,7,120,0.10498654156141471,0.42636325358981997,0.5047668567422962,157,22,22,114,0.4935064935064935,1,22,10.363636363636363,15,2.6551057939109515,3.525845691154455,0.34021318072542983,1.1064390881593162,1.7069112753106526,3.3018586162523356,0.593737294257996,0.5996944974217702,238,5,0.3738;0.6197;0.7881;0.8763;0.9187,1.0567928696051585,0.2572268292478578,300,0.0,1,1,1,1,1,0,0,0,strong,L1,long-range algebraic tail; overconnection risk,0.8072050638437193,0.38529292222813694,0.95,FAILED_OVERCONNECTED
rational_p1,8,120,0.12255547711876896,0.441567427443765,0.5047668567422962,167,23,23,130,0.5138339920948617,1,23,11.304347826086957,15,2.5097164677672716,3.844416628792191,0.3400830094700784,1.1123861086278064,1.6482758472147516,3.1554360070233587,0.6129085726908876,0.6197751523838481,288,5,0.2935;0.5613;0.7481;0.8986;0.9383,0.9139198901082928,0.26953526217913937,300,0.0,1,1,1,1,1,0,0,0,strong,L1,long-range algebraic tail; overconnection risk,0.7624652074268442,0.37401387024759414,0.95,FAILED_OVERCONNECTED
rational_p1,9,120,0.0877854817963621,0.4383380168372928,0.5037802859693944,153,14,14,27,0.2967032967032967,1,14,3.857142857142857,6,1.1866605518454392,1.293870590898632,0.33544793097371944,1.1096575250163276,2.5268313669716296,4.771879828563202,0.40442323740004116,0.5642857142857143,13,3,0.7509;0.8562;0.9129,1.123514168602582,0.17969250168403,300,0.0,1,1,1,1,1,0,0,0,strong,L1,long-range algebraic tail; overconnection risk,0.9752941176470588,0.8221192686531242,0.95,ICO_CANDIDATE
rational_p1,10,120,0.10873964883026473,0.4480234305180697,0.5037802859693944,153,22,22,110,0.47619047619047616,1,22,10,13,1.4459976109624424,3.4098642793553475,0.34098642793553474,1.1085826453913543,1.6997331060111038,3.2080538187167855,0.5896983640322583,0.5770749452567634,192,5,0.3324;0.6282;0.7952;0.8885;0.92,1.0950816811363513,0.29300882225918856,300,0.0,1,1,1,1,1,0,0,0,strong,L1,long-range algebraic tail; overconnection risk,0.8246818727490997,0.4205389643326237,0.95,FAILED_OVERCONNECTED
rational_p1,11,120,0.11691111399410273,0.4473542998383364,0.5047668567422962,163,18,18,67,0.43790849673202614,1,18,7.444444444444445,11,1.606314699422329,2.5182017250632707,0.338265903366708,1.1100053126094236,1.7602264765601183,3.258443124533164,0.5707887334027164,0.5375901875901876,81,5,0.3154;0.571;0.7419;0.8884;0.9351,1.035292976578234,0.2892815925769909,300,0.0,1,1,1,1,1,0,0,0,strong,L1,long-range algebraic tail; overconnection risk,0.9300840336134454,0.5288555046871797,0.95,FAILED_OVERCONNECTED
rational_p1,12,120,0.09337588754692645,0.4378187938245815,0.5047668567422962,175,20,20,91,0.4789473684210526,1,20,9.1,13,2.5278449319529077,3.1011129888934965,0.34078164713115344,1.1006753332041943,1.7014083503560022,3.2128337736420876,0.5945974720686532,0.6159160284160284,161,4,0.3308;0.5483;0.7281;0.9052,1.126169726538855,0.2899019781584658,300,0.0,1,1,1,1,1,0,0,0,strong,L1,long-range algebraic tail; overconnection risk,0.8639783281733746,0.422451107607945,0.95,FAILED_OVERCONNECTED
rational_p1,13,120,0.11417533319801025,0.42332359849989915,0.5047668567422962,151,22,22,106,0.4588744588744589,1,22,9.636363636363637,13,1.7200807207658637,3.30693588139852,0.3431725914658842,1.0954098046225171,1.7305601534312192,3.301817976629165,0.5801039871250792,0.5994785517512791,191,5,0.3425;0.6333;0.8022;0.8968;0.9278,1.2368013026398434,0.2590140819695849,300,0.0,1,1,1,1,1,0,0,0,strong,L1,long-range algebraic tail; overconnection risk,0.8421586816544799,0.41717933674641594,0.95,FAILED_OVERCONNECTED
rational_p1,14,120,0.10940271166665139,0.43710417372469906,0.5047668567422962,172,18,18,67,0.43790849673202614,1,18,7.444444444444445,12,1.640535895581489,2.484731563801436,0.33376991155541674,1.1271713006779416,1.780895655454814,3.3584836934028104,0.5657323918095409,0.5160694244027577,77,5,0.3671;0.5942;0.775;0.8922;0.9393,1.0554635748453864,0.2790208595363756,300,0.0,1,1,1,1,1,0,0,0,strong,L1,long-range algebraic tail; overconnection risk,0.9300840336134454,0.5306600431459582,0.95,FAILED_OVERCONNECTED
rational_p1,15,120,0.10071696333561311,0.4391983830170634,0.5047668567422962,176,19,19,72,0.42105263157894735,1,19,7.578947368421052,11,1.5998614898495436,2.658367283846291,0.35075679439638563,1.0892074304280808,1.7573769993561006,3.1598641125894873,0.5723623695714984,0.5620946305156831,89,4,0.4127;0.6578;0.8401;0.9158,1.0821444677378511,0.25512214679714107,300,0.0,1,1,1,1,1,0,0,0,strong,L1,long-range algebraic tail; overconnection risk,0.9344670499778859,0.5070218097031874,0.95,FAILED_OVERCONNECTED
rational_p1,16,120,0.10164179767746719,0.44012037782962155,0.5047668567422962,142,22,22,95,0.41125541125541126,1,22,8.636363636363637,12,1.6663911618021237,3.139988406453592,0.36357760495778435,1.0481180627964537,1.809707194900329,3.4002059867529,0.5546374604412315,0.6113078840351568,150,5,0.4444;0.6537;0.7925;0.8859;0.9247,1.1579404647150193,0.27710753960824636,300,0.0,1,1,1,1,1,0,0,0,strong,L1,long-range algebraic tail; overconnection risk,0.8902199061442758,0.43679104416031667,0.95,FAILED_OVERCONNECTED
rational_p1,17,120,0.09489347357932175,0.4360486887741824,0.5047668567422962,173,21,21,88,0.41904761904761906,1,21,8.380952380952381,11,2.10387828898805,2.788023231274132,0.33266186282248167,1.1264442211658559,1.7800394323482738,3.1784775809439285,0.5647553630368302,0.5303373874802446,121,5,0.2754;0.5351;0.7418;0.868;0.9046,1.0907156053237825,0.29424761534681804,300,0.0,1,1,1,1,1,0,0,0,strong,L1,long-range algebraic tail; overconnection risk,0.9012124849939976,0.4416074829121358,0.95,FAILED_OVERCONNECTED
rational_p1,18,120,0.10997502903208231,0.4496633695599148,0.5044598679096758,154,20,20,88,0.4631578947368421,1,20,8.8,15,2.2715633383201093,2.9916379861905966,0.33995886206711323,1.115889438006579,1.6956005994710752,3.113852963214711,0.5944129193315288,0.6078066378066378,142,5,0.3457;0.5898;0.771;0.8956;0.9277,0.9802886217866329,0.2717007814932868,300,0.0,1,1,1,1,1,0,0,0,strong,L1,long-range algebraic tail; overconnection risk,0.8785272003538258,0.43510602747431804,0.95,FAILED_OVERCONNECTED
rational_p1,19,120,0.11262981062081241,0.41930616391376696,0.5047668567422962,154,29,29,171,0.4211822660098522,1,29,11.793103448275861,16,1.6893032708849505,4.362497118176719,0.36991934627814294,1.0351647425224948,1.7551409334894343,3.2419620544777588,0.570973516407,0.5970493108424143,371,5,0.427;0.6355;0.7703;0.8764;0.9093,1.2582787905554835,0.25913557050026886,300,0.0,1,1,1,1,1,0,0,0,strong,L1,long-range algebraic tail; overconnection risk,0.7886860951277062,0.36944953932708213,0.95,FAILED_OVERCONNECTED
rational_p2,0,120,0.10361935115470941,0.4206390143819329,0.500516586733179,158,12,12,14,0.21212121212121213,3,5,2.3333333333333335,4,1.1785113019775793,0.835461108038107,0.35805476058776015,1.039450158383247,1.575469776155604,4.352675074805189,0.7282688840612156,0.375,7,2,0.6293;0.9489,0.5118269139230931,0.15608723989223944,260,0.0,1,1,1,1,1,0,0,0,moderate,L1,algebraic but less long-range than p1,0.99,0.6860003377920796,1.0,ICO_CANDIDATE
rational_p2,1,120,0.118268112587554,0.44803428593472766,0.500474723551478,128,13,13,11,0.14102564102564102,5,5,1.6923076923076923,4,1.2639751327042295,0.8665174961010789,0.5120330658779102,0.7659033015142148,1.207672672410765,2.5922203874553134,0.6904407952735485,0.358974358974359,3,4,0.5136;0.7163;0.8255;0.9347,0.02430236583102574,0.005125589884361828,275,0.0,1,1,1,1,1,0,0,0,moderate,L1,algebraic but less long-range than p1,0.9600000000000001,0.5845838147282569,1.0,ICO_CANDIDATE
rational_p2,2,120,0.09893892800047391,0.4631590179957141,0.5037802859693944,117,13,13,7,0.08974358974358974,7,5,1.0769230769230769,4,1.071414482860317,0.5245932305485717,0.4871222855093879,0.7827215836216993,1.2706733878194476,2.207907309664169,0.7498441484949453,0.16666666666666666,1,6,0.3284;0.5187;0.6575;0.7539;0.8503,0.0,0.0,300,0.0,1,1,1,1,1,0,0,0,moderate,L1,algebraic but less long-range than p1,0.9072727272727273,0.5172931981706126,1.0,ICO_CANDIDATE
rational_p2,3,120,0.09873306754950494,0.47284829631767655,0.5037802859693944,125,10,10,6,0.13333333333333333,4,5,1.2,2,0.6,0.4627452058720454,0.38562100489337114,1.0098250344398252,1.6813319285231376,3.5476341022951576,0.6180681444813572,0.0,0,3,0.4819;0.7724;0.9432,2.220446049250313e-16,4.144832625267251e-17,300,0.0,1,1,1,1,1,0,0,0,moderate,L1,algebraic but less long-range than p1,0.79,0.42266239001625194,1.0,GOOD_PROTO_GEOMETRY
rational_p2,4,120,0.10170008342343251,0.46114187669417767,0.5037802859693944,133,11,11,7,0.12727272727272726,6,5,1.2727272727272727,4,1.2128785512842122,0.6094635829539514,0.4788642437495333,0.7865070915672908,1.0580898515244939,1.7685424649517167,0.5937690790850556,0.3939393939393939,2,5,0.3819;0.568;0.6896;0.8113;0.9329,0.0,0.0,300,0.0,1,1,1,1,1,0,0,0,moderate,L1,algebraic but less long-range than p1,0.92,0.5700151731053663,1.0,ICO_CANDIDATE
rational_p2,5,120,0.10737123605783429,0.4558836364277406,0.49346971260135136,112,6,6,3,0.2,4,3,1,2,1.0,0.4706730410950429,0.4706730410950428,0.7958352852691485,0.7958352852691485,1.1311411055597476,0.6494020945821666,0.5,1,3,0.4498;0.6913;0.9328,nan,nan,0,0.0,1,1,1,1,1,0,0,0,moderate,L1,algebraic but less long-range than p1,0.7955002342322979,0.5684364966456226,1.0,ICO_CANDIDATE
rational_p2,6,120,0.09896095245509541,0.4455756724656616,0.504428528034652,145,11,11,7,0.12727272727272726,6,4,1.2727272727272727,3,1.0523488093445659,0.5009098356276733,0.3935720137074576,1.0445789545177724,1.363148392776063,2.479246991387587,0.5030958348754587,0.48484848484848486,2,5,0.3819;0.5943;0.7116;0.8289;0.9462,0.0,0.0,300,0.0,1,1,1,1,1,0,0,0,moderate,L1,algebraic but less long-range than p1,0.92,0.560366850397908,1.0,ICO_CANDIDATE
rational_p2,7,120,0.10052914027454955,0.4111352016414242,0.5047668567422962,133,13,13,4,0.05128205128205128,9,3,0.6153846153846154,2,0.6249260311258431,0.21556216153655622,0.35028851249690385,1.0958947814447264,1.4281663266135611,2.7572525072889005,0.5224594484021872,0.0,0,8,0.221;0.396;0.5313;0.6198;0.7084,nan,nan,0,0.0,1,1,1,1,1,0,0,0,moderate,L1,algebraic but less long-range than p1,0.6955944055944057,0.38042962043076,1.0,GOOD_PROTO_GEOMETRY
rational_p2,8,120,0.12243501370733582,0.4435370496909235,0.5012898201329045,153,17,17,18,0.1323529411764706,4,14,2.1176470588235294,5,1.3232025740237638,1.0144955575008219,0.4790673465976103,0.8029466808382032,3.7682333585849888,9.03743860236094,0.22594919299959615,0.3411764705882353,5,4,0.5298;0.6976;0.8653;0.9986,0.3936243484769766,0.007872486969539787,300,0.0,1,1,1,1,1,0,0,0,moderate,L1,algebraic but less long-range than p1,1.0,0.597389380519989,1.0,ICO_CANDIDATE
rational_p2,9,120,0.08742964593477386,0.4651038541751757,0.503883705064112,122,11,11,14,0.2545454545454545,4,7,2.5454545454545454,5,1.776801844153824,1.0323696283597044,0.40557378256988386,0.9969459492930439,1.5131137624493702,3.732976742259683,0.5818358432909673,0.503030303030303,9,3,0.5539;0.7801;0.9408,0.1256126039612553,0.02983786731411711,300,0.0,1,1,1,1,1,0,0,0,moderate,L1,algebraic but less long-range than p1,0.99,0.7145702510464632,1.0,ICO_CANDIDATE
rational_p2,10,120,0.10479213775145454,0.45230875833397083,0.5047668567422962,123,11,11,4,0.07272727272727272,8,3,0.7272727272727273,2,0.8624393618641034,0.32629986089878493,0.44866230873582924,0.8498486312399397,0.7977357437019571,1.1728170943765868,0.576978987668353,0.2727272727272727,1,7,0.2548;0.4256;0.5324;0.6391;0.7459,nan,nan,0,0.0,1,1,1,1,1,0,0,0,moderate,L1,algebraic but less long-range than p1,0.8275464710624166,0.5027329340830178,1.0,ICO_CANDIDATE
rational_p2,11,120,0.09707228736233948,0.4545920968610208,0.4977820163200594,144,14,14,10,0.10989010989010989,7,5,1.4285714285714286,3,1.178030178747903,0.5273132581281669,0.3691192806897168,1.0277687866031495,1.4540043341311633,3.024388996238147,0.46218622679882077,0.19047619047619047,2,6,0.3891;0.5862;0.6778;0.7695;0.8611,0.8114143812249324,0.17070872230370954,287,0.0,1,1,1,1,1,0,0,0,moderate,L1,algebraic but less long-range than p1,0.9372727272727274,0.5231990108064266,1.0,ICO_CANDIDATE
rational_p2,12,120,0.09952159068496336,0.4160223089165226,0.477119595873579,148,16,16,14,0.11666666666666667,5,5,1.75,4,0.75,0.8500857501379597,0.48576328579311984,0.791305004958062,1.0954070352284169,1.971147783995462,1.6296524285312577,0.5104166666666666,3,4,0.3098;0.5389;0.7577;0.9219,2.220446049250313e-16,4.144832625267251e-17,300,0.0,1,1,1,1,1,0,0,0,moderate,L1,algebraic but less long-range than p1,0.99,0.5448587774429583,1.0,ICO_CANDIDATE
rational_p2,13,120,0.1101521043394068,0.42374942973919466,0.5047668567422962,145,10,10,8,0.17777777777777778,5,5,1.6,4,1.3564659966250536,0.4848969443767545,0.3030605902354716,1.2065278574402625,1.5552407458652466,2.7398190395579314,0.5000058140015774,0.3833333333333333,3,4,0.4379;0.6517;0.7942;0.9366,0.29788433343787935,0.18170944339710635,300,0.0,1,1,1,1,1,0,0,0,moderate,L1,algebraic but less long-range than p1,0.93,0.5978816449286329,1.0,ICO_CANDIDATE
rational_p2,14,120,0.10298902525069202,0.42711581003921845,0.5047668567422962,151,15,15,17,0.1619047619047619,4,6,2.2666666666666666,4,1.1234866364235145,1.0067842063854429,0.44416950281710715,0.8753173459762499,1.4731747226211247,4.2220340814130495,0.7780752545568639,0.4666666666666667,7,3,0.5074;0.8397;0.9572,0.19461129071947503,0.03790303600057281,300,0.0,1,1,1,1,1,0,0,0,moderate,L1,algebraic but less long-range than p1,1.0,0.6167896433314759,1.0,ICO_CANDIDATE
rational_p2,15,120,0.10539056221466331,0.4425412497406518,0.5016566952108443,155,14,14,13,0.14285714285714285,6,7,1.8571428571428572,4,1.3014905113063284,0.7654906017856445,0.4121872471153471,0.9258057198855929,1.5847318957710415,3.584255955906732,0.5410553321623266,0.5119047619047619,4,5,0.4505;0.6459;0.7478;0.8498;0.9518,0.4698773330860804,0.07615006857405761,300,0.0,1,1,1,1,1,0,0,0,moderate,L1,algebraic but less long-range than p1,0.9800000000000001,0.5996763522479451,1.0,ICO_CANDIDATE
rational_p2,16,120,0.15848723544481533,0.27532745599407094,0.5016448090604372,168,17,17,15,0.11029411764705882,6,5,1.7647058823529411,3,0.6443794794178425,0.9380257125004823,0.5315479037502733,0.7332437761497042,1.2304815072228903,3.4312285139172687,2.98891382584241,0.6666666666666666,4,5,0.2975;0.5139;0.7287;0.8857;0.9668,0.0,0.0,300,0.0,1,1,1,1,1,0,0,0,moderate,L1,algebraic but less long-range than p1,1.0,0.5378295098223091,1.0,ICO_CANDIDATE
rational_p2,17,120,0.11136391630293675,0.4587819769311862,0.5033571813656104,137,12,12,10,0.15151515151515152,6,4,1.6666666666666667,3,1.1785113019775793,0.8120236005061932,0.4872141603037159,0.7496330964811122,0.7477189506535895,1.247238207360294,1.0792691563243941,0.5833333333333334,5,5,0.3429;0.5827;0.7294;0.8346;0.9397,0.07453052167710372,0.07453052167710372,300,0.0,1,1,1,1,1,0,0,0,moderate,L1,algebraic but less long-range than p1,0.9197262740784308,0.6054933459524567,1.0,ICO_CANDIDATE
rational_p2,18,120,0.10833242221818777,0.46068623335462,0.5032498788581069,129,11,11,8,0.14545454545454545,5,5,1.4545454545454546,3,0.9875254992000196,0.7671224985712587,0.5273967177677403,0.7012576365814908,1.13387131146038,2.7560932430854543,1.2254331483951322,0.2727272727272727,1,4,0.4781;0.7005;0.8285;0.9565,0.6897557064498087,0.2713039112035914,300,0.0,1,1,1,1,1,0,0,0,moderate,L1,algebraic but less long-range than p1,0.93,0.5911808219675747,1.0,ICO_CANDIDATE
rational_p2,19,120,0.1373541677124236,0.3212415732735071,0.49665584944496033,160,21,21,36,0.17142857142857143,2,20,3.4285714285714284,7,1.5605685341118036,1.4341302604805357,0.41828799264015626,0.9260041864965702,3.321340429898455,8.506934665594667,0.3042011110233926,0.556235827664399,18,2,0.6436;0.9556,0.7803643528918291,0.05279909880618354,300,0.0,1,1,1,1,1,0,0,0,moderate,L1,algebraic but less long-range than p1,0.9831372549019608,0.6878754258562442,1.0,ICO_CANDIDATE
linear_cutoff_0_20,0,120,0.15410680389446132,0.5047668567422962,0.5047668567422962,1,1,1,0,0.0,1,1,0,0,0.0,0.0,0.0,0.0,0.0,0.0,0.0,0.0,0,0,,nan,nan,0,0.0,1,1,1,0,1,1,0,0,none,L1,compact support; hard zero outside range,0.13029411764705884,0.3614364115831765,0.75,FAILED_COLLAPSE
linear_cutoff_0_20,1,120,0.14281554713682715,0.5047668567422962,0.5047668567422962,1,1,1,0,0.0,1,1,0,0,0.0,0.0,0.0,0.0,0.0,0.0,0.0,0.0,0,0,,nan,nan,0,0.0,1,1,1,0,1,1,0,0,none,L1,compact support; hard zero outside range,0.13029411764705884,0.3614364115831765,0.75,FAILED_COLLAPSE
linear_cutoff_0_20,2,120,0.14165440920828057,0.5047668567422962,0.5047668567422962,1,1,1,0,0.0,1,1,0,0,0.0,0.0,0.0,0.0,0.0,0.0,0.0,0.0,0,0,,nan,nan,0,0.0,1,1,1,0,1,1,0,0,none,L1,compact support; hard zero outside range,0.13029411764705884,0.3614364115831765,0.75,FAILED_COLLAPSE
linear_cutoff_0_20,3,120,0.13973688444920634,0.5047668567422962,0.5047668567422962,1,1,1,0,0.0,1,1,0,0,0.0,0.0,0.0,0.0,0.0,0.0,0.0,0.0,0,0,,nan,nan,0,0.0,1,1,1,0,1,1,0,0,none,L1,compact support; hard zero outside range,0.13029411764705884,0.3614364115831765,0.75,FAILED_COLLAPSE
linear_cutoff_0_20,4,120,0.14984052102730536,0.5047668567422962,0.5047668567422962,1,1,1,0,0.0,1,1,0,0,0.0,0.0,0.0,0.0,0.0,0.0,0.0,0.0,0,0,,nan,nan,0,0.0,1,1,1,0,1,1,0,0,none,L1,compact support; hard zero outside range,0.13029411764705884,0.3614364115831765,0.75,FAILED_COLLAPSE
linear_cutoff_0_20,5,120,0.14097578697707883,0.5047668567422962,0.5047668567422962,1,1,1,0,0.0,1,1,0,0,0.0,0.0,0.0,0.0,0.0,0.0,0.0,0.0,0,0,,nan,nan,0,0.0,1,1,1,0,1,1,0,0,none,L1,compact support; hard zero outside range,0.13029411764705884,0.3614364115831765,0.75,FAILED_COLLAPSE
linear_cutoff_0_20,6,120,0.13224237298084227,0.5047668567422962,0.5047668567422962,1,1,1,0,0.0,1,1,0,0,0.0,0.0,0.0,0.0,0.0,0.0,0.0,0.0,0,0,,nan,nan,0,0.0,1,1,1,0,1,1,0,0,none,L1,compact support; hard zero outside range,0.13029411764705884,0.3614364115831765,0.75,FAILED_COLLAPSE
linear_cutoff_0_20,7,120,0.13569775875158877,0.5047668567422962,0.5047668567422962,1,1,1,0,0.0,1,1,0,0,0.0,0.0,0.0,0.0,0.0,0.0,0.0,0.0,0,0,,nan,nan,0,0.0,1,1,1,0,1,1,0,0,none,L1,compact support; hard zero outside range,0.13029411764705884,0.3614364115831765,0.75,FAILED_COLLAPSE
linear_cutoff_0_20,8,120,0.12599872080628566,0.5047668567422962,0.5047668567422962,1,1,1,0,0.0,1,1,0,0,0.0,0.0,0.0,0.0,0.0,0.0,0.0,0.0,0,0,,nan,nan,0,0.0,1,1,1,0,1,1,0,0,none,L1,compact support; hard zero outside range,0.13029411764705884,0.3614364115831765,0.75,FAILED_COLLAPSE
linear_cutoff_0_20,9,120,0.13729151045606286,0.5047668567422962,0.5047668567422962,1,1,1,0,0.0,1,1,0,0,0.0,0.0,0.0,0.0,0.0,0.0,0.0,0.0,0,0,,nan,nan,0,0.0,1,1,1,0,1,1,0,0,none,L1,compact support; hard zero outside range,0.13029411764705884,0.3614364115831765,0.75,FAILED_COLLAPSE
linear_cutoff_0_20,10,120,0.1484425783364679,0.5047668567422962,0.5047668567422962,1,1,1,0,0.0,1,1,0,0,0.0,0.0,0.0,0.0,0.0,0.0,0.0,0.0,0,0,,nan,nan,0,0.0,1,1,1,0,1,1,0,0,none,L1,compact support; hard zero outside range,0.13029411764705884,0.3614364115831765,0.75,FAILED_COLLAPSE
linear_cutoff_0_20,11,120,0.12460849989572162,0.5047668567422962,0.5047668567422962,1,1,1,0,0.0,1,1,0,0,0.0,0.0,0.0,0.0,0.0,0.0,0.0,0.0,0,0,,nan,nan,0,0.0,1,1,1,0,1,1,0,0,none,L1,compact support; hard zero outside range,0.13029411764705884,0.3614364115831765,0.75,FAILED_COLLAPSE
linear_cutoff_0_20,12,120,0.12078294793459195,0.5047668567422962,0.5047668567422962,1,1,1,0,0.0,1,1,0,0,0.0,0.0,0.0,0.0,0.0,0.0,0.0,0.0,0,0,,nan,nan,0,0.0,1,1,1,0,1,1,0,0,none,L1,compact support; hard zero outside range,0.13029411764705884,0.3614364115831765,0.75,FAILED_COLLAPSE
linear_cutoff_0_20,13,120,0.12877523089249507,0.5047668567422962,0.5047668567422962,1,1,1,0,0.0,1,1,0,0,0.0,0.0,0.0,0.0,0.0,0.0,0.0,0.0,0,0,,nan,nan,0,0.0,1,1,1,0,1,1,0,0,none,L1,compact support; hard zero outside range,0.13029411764705884,0.3614364115831765,0.75,FAILED_COLLAPSE
linear_cutoff_0_20,14,120,0.13406900746766837,0.5047668567422962,0.5047668567422962,1,1,1,0,0.0,1,1,0,0,0.0,0.0,0.0,0.0,0.0,0.0,0.0,0.0,0,0,,nan,nan,0,0.0,1,1,1,0,1,1,0,0,none,L1,compact support; hard zero outside range,0.13029411764705884,0.3614364115831765,0.75,FAILED_COLLAPSE
linear_cutoff_0_20,15,120,0.14249289932058157,0.5047668567422962,0.5047668567422962,1,1,1,0,0.0,1,1,0,0,0.0,0.0,0.0,0.0,0.0,0.0,0.0,0.0,0,0,,nan,nan,0,0.0,1,1,1,0,1,1,0,0,none,L1,compact support; hard zero outside range,0.13029411764705884,0.3614364115831765,0.75,FAILED_COLLAPSE
linear_cutoff_0_20,16,120,0.13427417178376339,0.5047668567422962,0.5047668567422962,1,1,1,0,0.0,1,1,0,0,0.0,0.0,0.0,0.0,0.0,0.0,0.0,0.0,0,0,,nan,nan,0,0.0,1,1,1,0,1,1,0,0,none,L1,compact support; hard zero outside range,0.13029411764705884,0.3614364115831765,0.75,FAILED_COLLAPSE
linear_cutoff_0_20,17,120,0.13359953710545977,0.5047668567422962,0.5047668567422962,1,1,1,0,0.0,1,1,0,0,0.0,0.0,0.0,0.0,0.0,0.0,0.0,0.0,0,0,,nan,nan,0,0.0,1,1,1,0,1,1,0,0,none,L1,compact support; hard zero outside range,0.13029411764705884,0.3614364115831765,0.75,FAILED_COLLAPSE
linear_cutoff_0_20,18,120,0.13548324238619364,0.5047668567422962,0.5047668567422962,1,1,1,0,0.0,1,1,0,0,0.0,0.0,0.0,0.0,0.0,0.0,0.0,0.0,0,0,,nan,nan,0,0.0,1,1,1,0,1,1,0,0,none,L1,compact support; hard zero outside range,0.13029411764705884,0.3614364115831765,0.75,FAILED_COLLAPSE
linear_cutoff_0_20,19,120,0.14045294736249356,0.5047668567422962,0.5047668567422962,1,1,1,0,0.0,1,1,0,0,0.0,0.0,0.0,0.0,0.0,0.0,0.0,0.0,0,0,,nan,nan,0,0.0,1,1,1,0,1,1,0,0,none,L1,compact support; hard zero outside range,0.13029411764705884,0.3614364115831765,0.75,FAILED_COLLAPSE
linear_cutoff_0_35,0,120,0.11344574852495719,0.48421994907929966,0.5045114985952794,61,3,3,0,0.0,3,1,0,0,0.0,0.0,0.0,0.0,0.0,0.0,0.0,0.0,0,0,,nan,nan,0,0.0,1,1,1,0,1,1,0,0,none,L1,stronger compact cutoff,0.185,0.3277638978717726,0.75,FAILED_COLLAPSE
linear_cutoff_0_35,1,120,0.1349949656664182,0.4806663072990052,0.5037802859693944,82,1,1,0,0.0,1,1,0,0,0.0,0.0,0.0,0.0,0.0,0.0,0.0,0.0,0,0,,nan,nan,0,0.0,1,1,1,0,1,1,0,0,none,L1,stronger compact cutoff,0.13029411764705884,0.3614364115831765,0.75,FAILED_COLLAPSE
linear_cutoff_0_35,2,120,0.12708271364173288,0.4772782661400982,0.5037802859693944,76,2,2,0,0.0,2,1,0,0,0.0,0.0,0.0,0.0,0.0,0.0,0.0,0.0,0,0,,nan,nan,0,0.0,1,1,1,0,1,1,0,0,none,L1,stronger compact cutoff,0.17,0.3498195250748265,0.75,FAILED_COLLAPSE
linear_cutoff_0_35,3,120,0.10508971103527204,0.47305926952787225,0.5039450089011093,75,5,5,2,0.2,3,3,0.8,2,0.7483314773547883,0.3855684091835453,0.48196051147943164,0.7325785855145501,0.9767714473527336,1.4651571710291003,0.6374248497892161,0.0,0,2,0.5763;0.9151,nan,nan,0,0.0,1,1,1,0,1,1,0,0,none,L1,stronger compact cutoff,0.6722125736823281,0.3653459246056364,0.75,GOOD_PROTO_GEOMETRY
linear_cutoff_0_35,4,120,0.11116773425916208,0.4772741636320252,0.5037802859693944,75,2,2,0,0.0,2,1,0,0,0.0,0.0,0.0,0.0,0.0,0.0,0.0,0.0,0,0,,nan,nan,0,0.0,1,1,1,0,1,1,0,0,none,L1,stronger compact cutoff,0.17,0.3498195250748265,0.75,FAILED_COLLAPSE
linear_cutoff_0_35,5,120,0.11323796078200302,0.4821168964769578,0.5037802859693944,73,4,4,0,0.0,4,1,0,0,0.0,0.0,0.0,0.0,0.0,0.0,0.0,0.0,0,0,,nan,nan,0,0.0,1,1,1,0,1,1,0,0,none,L1,stronger compact cutoff,0.2,0.3203590550548476,0.75,FAILED_COLLAPSE
linear_cutoff_0_35,6,120,0.11633645645085754,0.47216739133600755,0.5027162725805205,65,2,2,0,0.0,2,1,0,0,0.0,0.0,0.0,0.0,0.0,0.0,0.0,0.0,0,0,,nan,nan,0,0.0,1,1,1,0,1,1,0,0,none,L1,stronger compact cutoff,0.17,0.3498195250748265,0.75,FAILED_COLLAPSE
linear_cutoff_0_35,7,120,0.10320649929081831,0.44639858712731617,0.5006939728559561,80,4,4,1,0.16666666666666666,3,2,0.5,1,0.5,0.17692715287037072,0.35385430574074145,1.0388700162688922,1.0388700162688922,1.0388700162688922,0.4812921656895566,0.0,0,2,0.5238;0.9048,nan,nan,0,0.0,1,1,1,0,1,1,0,0,none,L1,stronger compact cutoff,0.65,0.3626466260639637,0.75,FAILED_FRAGMENTED
linear_cutoff_0_35,8,120,0.12332216298626834,0.48065956710501373,0.5037802859693944,57,3,3,1,0.3333333333333333,2,2,0.6666666666666666,1,0.4714045207910317,0.2873261888793796,0.4309892833190694,0.8416720538764549,0.8416720538764549,0.8416720538764549,0.7920741381351881,0.0,0,2,0.8333;1.0,nan,nan,0,0.0,1,1,1,0,1,1,0,0,none,L1,stronger compact cutoff,0.6160006464651746,0.35929068239401063,0.75,FAILED_FRAGMENTED
linear_cutoff_0_35,9,120,0.10723175008571009,0.47854667556218494,0.503883705064112,67,1,1,0,0.0,1,1,0,0,0.0,0.0,0.0,0.0,0.0,0.0,0.0,0.0,0,0,,nan,nan,0,0.0,1,1,1,0,1,1,0,0,none,L1,stronger compact cutoff,0.13029411764705884,0.3614364115831765,0.75,FAILED_COLLAPSE
linear_cutoff_0_35,10,120,0.10499022634825438,0.48907348346003326,0.5038076335843764,69,2,2,0,0.0,2,1,0,0,0.0,0.0,0.0,0.0,0.0,0.0,0.0,0.0,0,0,,nan,nan,0,0.0,1,1,1,0,1,1,0,0,none,L1,stronger compact cutoff,0.17,0.3498195250748265,0.75,FAILED_COLLAPSE
linear_cutoff_0_35,11,120,0.12604779707107855,0.48560856527307933,0.5038563574491294,66,1,1,0,0.0,1,1,0,0,0.0,0.0,0.0,0.0,0.0,0.0,0.0,0.0,0,0,,nan,nan,0,0.0,1,1,1,0,1,1,0,0,none,L1,stronger compact cutoff,0.13029411764705884,0.3614364115831765,0.75,FAILED_COLLAPSE
linear_cutoff_0_35,12,120,0.12958646458663195,0.4731310406130961,0.4993292969152481,82,3,3,1,0.3333333333333333,2,2,0.6666666666666666,1,0.4714045207910317,0.2103119794420638,0.3154679691630957,1.1536981262020243,1.1536981262020243,1.1536981262020243,0.577851910760516,0.0,0,2,0.8333;1.0,nan,nan,0,0.0,1,1,1,0,1,1,0,0,none,L1,stronger compact cutoff,0.635,0.35929068239401063,0.75,FAILED_FRAGMENTED
linear_cutoff_0_35,13,120,0.1238604666820164,0.48989987286687653,0.5037802859693944,69,1,1,0,0.0,1,1,0,0,0.0,0.0,0.0,0.0,0.0,0.0,0.0,0.0,0,0,,nan,nan,0,0.0,1,1,1,0,1,1,0,0,none,L1,stronger compact cutoff,0.13029411764705884,0.3614364115831765,0.75,FAILED_COLLAPSE
linear_cutoff_0_35,14,120,0.11775372574446348,0.48935753315087804,0.5027162725805205,71,2,2,0,0.0,2,1,0,0,0.0,0.0,0.0,0.0,0.0,0.0,0.0,0.0,0,0,,nan,nan,0,0.0,1,1,1,0,1,1,0,0,none,L1,stronger compact cutoff,0.17,0.3498195250748265,0.75,FAILED_COLLAPSE
linear_cutoff_0_35,15,120,0.1111295975690642,0.4906598448282648,0.5037802859693944,69,1,1,0,0.0,1,1,0,0,0.0,0.0,0.0,0.0,0.0,0.0,0.0,0.0,0,0,,nan,nan,0,0.0,1,1,1,0,1,1,0,0,none,L1,stronger compact cutoff,0.13029411764705884,0.3614364115831765,0.75,FAILED_COLLAPSE
linear_cutoff_0_35,16,120,0.1285298319816133,0.4753623225691328,0.5047668567422962,85,3,3,0,0.0,3,1,0,0,0.0,0.0,0.0,0.0,0.0,0.0,0.0,0.0,0,0,,nan,nan,0,0.0,1,1,1,0,1,1,0,0,none,L1,stronger compact cutoff,0.185,0.3277638978717726,0.75,FAILED_COLLAPSE
linear_cutoff_0_35,17,120,0.11539870957368942,0.475227136597925,0.5037802859693944,96,2,2,0,0.0,2,1,0,0,0.0,0.0,0.0,0.0,0.0,0.0,0.0,0.0,0,0,,nan,nan,0,0.0,1,1,1,0,1,1,0,0,none,L1,stronger compact cutoff,0.17,0.3498195250748265,0.75,FAILED_COLLAPSE
linear_cutoff_0_35,18,120,0.11275073763644614,0.48101190140054667,0.5047668567422962,63,1,1,0,0.0,1,1,0,0,0.0,0.0,0.0,0.0,0.0,0.0,0.0,0.0,0,0,,nan,nan,0,0.0,1,1,1,0,1,1,0,0,none,L1,stronger compact cutoff,0.13029411764705884,0.3614364115831765,0.75,FAILED_COLLAPSE
linear_cutoff_0_35,19,120,0.14116659110194577,0.43509278331125656,0.47800815631271093,91,1,1,0,0.0,1,1,0,0,0.0,0.0,0.0,0.0,0.0,0.0,0.0,0.0,0,0,,nan,nan,0,0.0,1,1,1,0,1,1,0,0,none,L1,stronger compact cutoff,0.13029411764705884,0.3614364115831765,0.75,FAILED_COLLAPSE
gaussian_l2_0_5,0,120,0.1278054545458898,0.4999985843803777,0.5047668567422962,29,1,1,0,0.0,1,1,0,0,0.0,0.0,0.0,0.0,0.0,0.0,0.0,0.0,0,0,,nan,nan,0,0.0,1,1,1,1,1,0,0,0,weak,L2,squared decay; may be too suppressive,0.13029411764705884,0.3614364115831765,1.0,FAILED_COLLAPSE
gaussian_l2_0_5,1,120,0.13374648499406497,0.49720322754544954,0.5041957264750021,40,1,1,0,0.0,1,1,0,0,0.0,0.0,0.0,0.0,0.0,0.0,0.0,0.0,0,0,,nan,nan,0,0.0,1,1,1,1,1,0,0,0,weak,L2,squared decay; may be too suppressive,0.13029411764705884,0.3614364115831765,1.0,FAILED_COLLAPSE
gaussian_l2_0_5,2,120,0.1155457438404648,0.4947202046643699,0.5037802859693944,53,1,1,0,0.0,1,1,0,0,0.0,0.0,0.0,0.0,0.0,0.0,0.0,0.0,0,0,,nan,nan,0,0.0,1,1,1,1,1,0,0,0,weak,L2,squared decay; may be too suppressive,0.13029411764705884,0.3614364115831765,1.0,FAILED_COLLAPSE
gaussian_l2_0_5,3,120,0.10797432895142006,0.4933334319078011,0.5047668567422962,55,2,2,0,0.0,2,1,0,0,0.0,0.0,0.0,0.0,0.0,0.0,0.0,0.0,0,0,,nan,nan,0,0.0,1,1,1,1,1,0,0,0,weak,L2,squared decay; may be too suppressive,0.17,0.3498195250748265,1.0,FAILED_COLLAPSE
gaussian_l2_0_5,4,120,0.12059161937146538,0.49356886597930544,0.5047668567422962,34,1,1,0,0.0,1,1,0,0,0.0,0.0,0.0,0.0,0.0,0.0,0.0,0.0,0,0,,nan,nan,0,0.0,1,1,1,1,1,0,0,0,weak,L2,squared decay; may be too suppressive,0.13029411764705884,0.3614364115831765,1.0,FAILED_COLLAPSE
gaussian_l2_0_5,5,120,0.11879821306573454,0.4831326708750678,0.5037802859693944,44,1,1,0,0.0,1,1,0,0,0.0,0.0,0.0,0.0,0.0,0.0,0.0,0.0,0,0,,nan,nan,0,0.0,1,1,1,1,1,0,0,0,weak,L2,squared decay; may be too suppressive,0.13029411764705884,0.3614364115831765,1.0,FAILED_COLLAPSE
gaussian_l2_0_5,6,120,0.12045438002202966,0.487181721880647,0.5037802859693944,42,3,3,1,0.3333333333333333,2,2,0.6666666666666666,1,0.4714045207910317,0.21738735256047861,0.32608102884071793,1.1206093737739091,1.1206093737739091,1.1206093737739091,0.5949144119877506,0.0,0,2,0.8333;1.0,nan,nan,0,0.0,1,1,1,1,1,0,0,0,weak,L2,squared decay; may be too suppressive,0.635,0.35929068239401063,1.0,FAILED_FRAGMENTED
gaussian_l2_0_5,7,120,0.13082917924564724,0.466534749890309,0.49538982032807266,50,1,1,0,0.0,1,1,0,0,0.0,0.0,0.0,0.0,0.0,0.0,0.0,0.0,0,0,,nan,nan,0,0.0,1,1,1,1,1,0,0,0,weak,L2,squared decay; may be too suppressive,0.13029411764705884,0.3614364115831765,1.0,FAILED_COLLAPSE
gaussian_l2_0_5,8,120,0.147752906626977,0.48263727079159413,0.5039450089011093,54,1,1,0,0.0,1,1,0,0,0.0,0.0,0.0,0.0,0.0,0.0,0.0,0.0,0,0,,nan,nan,0,0.0,1,1,1,1,1,0,0,0,weak,L2,squared decay; may be too suppressive,0.13029411764705884,0.3614364115831765,1.0,FAILED_COLLAPSE
gaussian_l2_0_5,9,120,0.1284736805190721,0.49439051239377724,0.5047668567422962,44,1,1,0,0.0,1,1,0,0,0.0,0.0,0.0,0.0,0.0,0.0,0.0,0.0,0,0,,nan,nan,0,0.0,1,1,1,1,1,0,0,0,weak,L2,squared decay; may be too suppressive,0.13029411764705884,0.3614364115831765,1.0,FAILED_COLLAPSE
gaussian_l2_0_5,10,120,0.12223562259493818,0.4944769104003385,0.5037802859693944,40,2,2,0,0.0,2,1,0,0,0.0,0.0,0.0,0.0,0.0,0.0,0.0,0.0,0,0,,nan,nan,0,0.0,1,1,1,1,1,0,0,0,weak,L2,squared decay; may be too suppressive,0.17,0.3498195250748265,1.0,FAILED_COLLAPSE
gaussian_l2_0_5,11,120,0.15066757326074665,0.494366574721105,0.5037802859693944,43,2,2,0,0.0,2,1,0,0,0.0,0.0,0.0,0.0,0.0,0.0,0.0,0.0,0,0,,nan,nan,0,0.0,1,1,1,1,1,0,0,0,weak,L2,squared decay; may be too suppressive,0.17,0.3498195250748265,1.0,FAILED_COLLAPSE
gaussian_l2_0_5,12,120,0.12746817840237268,0.49198640224463275,0.5047668567422962,45,1,1,0,0.0,1,1,0,0,0.0,0.0,0.0,0.0,0.0,0.0,0.0,0.0,0,0,,nan,nan,0,0.0,1,1,1,1,1,0,0,0,weak,L2,squared decay; may be too suppressive,0.13029411764705884,0.3614364115831765,1.0,FAILED_COLLAPSE
gaussian_l2_0_5,13,120,0.12969145470882745,0.4971294345068022,0.5037802859693944,36,1,1,0,0.0,1,1,0,0,0.0,0.0,0.0,0.0,0.0,0.0,0.0,0.0,0,0,,nan,nan,0,0.0,1,1,1,1,1,0,0,0,weak,L2,squared decay; may be too suppressive,0.13029411764705884,0.3614364115831765,1.0,FAILED_COLLAPSE
gaussian_l2_0_5,14,120,0.1341409691917981,0.49068596405542736,0.5037802859693944,44,1,1,0,0.0,1,1,0,0,0.0,0.0,0.0,0.0,0.0,0.0,0.0,0.0,0,0,,nan,nan,0,0.0,1,1,1,1,1,0,0,0,weak,L2,squared decay; may be too suppressive,0.13029411764705884,0.3614364115831765,1.0,FAILED_COLLAPSE
gaussian_l2_0_5,15,120,0.11635264006333211,0.4993850816501423,0.5037802859693944,39,2,2,0,0.0,2,1,0,0,0.0,0.0,0.0,0.0,0.0,0.0,0.0,0.0,0,0,,nan,nan,0,0.0,1,1,1,1,1,0,0,0,weak,L2,squared decay; may be too suppressive,0.17,0.3498195250748265,1.0,FAILED_COLLAPSE
gaussian_l2_0_5,16,120,0.1227033782170912,0.4941064813081504,0.5037802859693944,50,1,1,0,0.0,1,1,0,0,0.0,0.0,0.0,0.0,0.0,0.0,0.0,0.0,0,0,,nan,nan,0,0.0,1,1,1,1,1,0,0,0,weak,L2,squared decay; may be too suppressive,0.13029411764705884,0.3614364115831765,1.0,FAILED_COLLAPSE
gaussian_l2_0_5,17,120,0.1269054282406477,0.49322383522508245,0.5038563574491294,49,1,1,0,0.0,1,1,0,0,0.0,0.0,0.0,0.0,0.0,0.0,0.0,0.0,0,0,,nan,nan,0,0.0,1,1,1,1,1,0,0,0,weak,L2,squared decay; may be too suppressive,0.13029411764705884,0.3614364115831765,1.0,FAILED_COLLAPSE
gaussian_l2_0_5,18,120,0.12465612198983678,0.491139599530339,0.5037802859693944,57,1,1,0,0.0,1,1,0,0,0.0,0.0,0.0,0.0,0.0,0.0,0.0,0.0,0,0,,nan,nan,0,0.0,1,1,1,1,1,0,0,0,weak,L2,squared decay; may be too suppressive,0.13029411764705884,0.3614364115831765,1.0,FAILED_COLLAPSE
gaussian_l2_0_5,19,120,0.1450622015378305,0.46031084831463187,0.4856101584377525,74,2,2,0,0.0,2,1,0,0,0.0,0.0,0.0,0.0,0.0,0.0,0.0,0.0,0,0,,nan,nan,0,0.0,1,1,1,1,1,0,0,0,weak,L2,squared decay; may be too suppressive,0.17,0.3498195250748265,1.0,FAILED_COLLAPSE
gaussian_l2_1_0,0,120,0.11642666817001995,0.41482060156918477,0.46608428802933244,135,8,8,2,0.07142857142857142,6,2,0.5,1,0.5,0.35129938976230823,0.7025987795246165,0.39712662422755457,0.39712662422755457,0.6964963606899254,2.9163039776489965,0.0,0,5,0.2878;0.5041;0.6565;0.8088;0.9612,nan,nan,0,0.0,1,1,1,1,1,0,0,0,weak,L2,strong squared decay,0.6476551949073065,0.3420300175728742,1.0,FAILED_FRAGMENTED
gaussian_l2_1_0,1,120,0.09720962344166013,0.44831914236911635,0.5003599954543134,136,9,9,0,0.0,9,1,0,0,0.0,0.0,0.0,0.0,0.0,0.0,0.0,0.0,0,0,,nan,nan,0,0.0,1,1,1,1,1,0,0,0,weak,L2,strong squared decay,0.19722222222222224,0.34512238254962896,1.0,FAILED_COLLAPSE
gaussian_l2_1_0,2,120,0.10775167706266314,0.4648486581045332,0.5037802859693944,123,9,9,6,0.16666666666666666,4,6,1.3333333333333333,3,1.0540925533894598,0.4760871201504436,0.35706534011283264,1.0919339887424693,1.9155874974132137,4.015550670194977,0.3633783516251677,0.0,0,3,0.5148;0.7165;0.9182,1.2524047286360163,0.26717967544235016,300,0.0,1,1,1,1,1,0,0,0,weak,L2,strong squared decay,0.775,0.4102726620498214,1.0,GOOD_PROTO_GEOMETRY
gaussian_l2_1_0,3,120,0.09601226439555606,0.46682331807755667,0.5047668567422962,100,11,11,7,0.12727272727272726,6,4,1.2727272727272727,3,1.0523488093445659,0.43883955200866304,0.3448025051496638,1.09630235060532,1.3876919450229646,2.40755552548472,0.5321182306009243,0.48484848484848486,2,5,0.3813;0.5939;0.7111;0.8283;0.9455,0.0,0.0,300,0.0,1,1,1,1,1,0,0,0,weak,L2,strong squared decay,0.92,0.560366850397908,1.0,ICO_CANDIDATE
gaussian_l2_1_0,4,120,0.1051943992772809,0.457391157955028,0.5037802859693944,118,5,5,0,0.0,5,1,0,0,0.0,0.0,0.0,0.0,0.0,0.0,0.0,0.0,0,0,,nan,nan,0,0.0,1,1,1,1,1,0,0,0,weak,L2,strong squared decay,0.187,0.31937310849757417,1.0,FAILED_COLLAPSE
gaussian_l2_1_0,5,120,0.10040506158447512,0.4759163585785234,0.5006640583048796,94,6,6,1,0.06666666666666667,5,2,0.3333333333333333,1,0.4714045207910317,0.1635335985402752,0.49060079562082554,0.7121245254288847,0.7121245254288847,0.7121245254288847,0.46808292851953065,0.0,0,4,0.3158;0.5263;0.7368;0.9474,nan,nan,0,0.0,1,1,1,1,1,0,0,0,weak,L2,strong squared decay,0.6454549430514662,0.33328260147777455,1.0,FAILED_FRAGMENTED
gaussian_l2_1_0,6,120,0.12704980067948413,0.44231703348004675,0.4866364496340759,114,14,14,6,0.06593406593406594,9,4,0.8571428571428571,3,0.989743318610787,0.3905812358987712,0.45567810854856644,0.8724336591018296,1.2515424162346918,2.130551700758936,0.41673687965686884,0.16666666666666666,1,8,0.2745;0.4483;0.5326;0.6169;0.7012,0.0,0.0,300,0.0,1,1,1,1,1,0,0,0,weak,L2,strong squared decay,0.8463636363636364,0.47341828933503133,1.0,ICO_CANDIDATE
gaussian_l2_1_0,7,120,0.10874887190531154,0.431639275312789,0.5028681181296615,121,9,9,3,0.08333333333333333,6,4,0.6666666666666666,2,0.816496580927726,0.24719104828700283,0.3707865724305043,1.0026893488506716,1.6472852615891866,3.0080680465520153,0.28339810795322634,0.0,0,5,0.371;0.5182;0.6655;0.8128;0.9601,2.220446049250313e-16,2.220446049250313e-16,300,0.0,1,1,1,1,1,0,0,0,weak,L2,strong squared decay,0.745,0.3777475818014805,1.0,GOOD_PROTO_GEOMETRY
gaussian_l2_1_0,8,120,0.12058380921276747,0.44121083128557514,0.4991513660844507,115,13,13,8,0.10256410256410256,7,4,1.2307692307692308,3,0.9730085108210398,0.6040489374594693,0.4907897616858188,0.7621419575972193,0.8506526301999819,1.5839501673630256,1.5085144655606677,0.2564102564102564,2,6,0.2881;0.4721;0.6498;0.7688;0.8619,0.0,0.0,300,0.0,1,1,1,1,1,0,0,0,weak,L2,strong squared decay,0.8993510428967252,0.5408864178058967,1.0,ICO_CANDIDATE
gaussian_l2_1_0,9,120,0.08189226107684869,0.4656696385421538,0.5037802859693944,110,7,7,1,0.047619047619047616,6,2,0.2857142857142857,1,0.45175395145262565,0.23301575509805184,0.8155551428431814,0.2038862407605182,0.2038862407605182,0.2038862407605182,1.4013416729277066,0.0,0,5,0.2654;0.4383;0.6111;0.784;0.9568,nan,nan,0,0.0,1,1,1,1,1,0,0,0,weak,L2,strong squared decay,0.5908949203198336,0.33512415362530334,1.0,FAILED_FRAGMENTED
gaussian_l2_1_0,10,120,0.10455947706445774,0.4518322679969078,0.49083596986496925,102,13,13,13,0.16666666666666666,5,8,2,4,1.3587324409735149,0.8492519467226829,0.42462597336134145,0.9180350458414049,2.103921301966299,4.384841508577746,0.4338211899291451,0.47435897435897434,6,4,0.4803;0.6736;0.8003;0.927,0.12261611642290138,0.011768077583974482,300,0.0,1,1,1,1,1,0,0,0,weak,L2,strong squared decay,0.9800000000000001,0.6529785882386708,1.0,ICO_CANDIDATE
gaussian_l2_1_0,11,120,0.10513188306444468,0.42694024488393895,0.49782976544731367,134,9,9,2,0.05555555555555555,7,2,0.4444444444444444,1,0.49690399499995325,0.2622437028483953,0.5900483314088895,0.6238962009122262,0.6238962009122262,1.0699432396043083,1.4571936170680955,0.0,0,6,0.2485;0.4408;0.5722;0.7035;0.8349,nan,nan,0,0.0,1,1,1,1,1,0,0,0,weak,L2,strong squared decay,0.6615847158266389,0.3490311817072208,1.0,FAILED_FRAGMENTED
gaussian_l2_1_0,12,120,0.10171164490014388,0.4306331854958432,0.481729025627596,139,8,8,1,0.03571428571428571,7,2,0.25,1,0.4330127018922193,0.15929262916814818,0.6371705166725927,0.45071797214763565,0.45071797214763565,0.45071797214763565,0.5546705821575512,0.0,0,6,0.2294;0.3761;0.5229;0.6697;0.8165,nan,nan,0,0.0,1,1,1,1,1,0,0,0,weak,L2,strong squared decay,0.5799303125018722,0.3403019666931439,1.0,FAILED_FRAGMENTED
gaussian_l2_1_0,13,120,0.11222636803972821,0.3989485828411882,0.45416629796918906,124,12,12,7,0.10606060606060606,6,4,1.1666666666666667,2,0.7993052538854533,0.45426379789739735,0.3893689696263406,0.9691310515075849,1.4062600838783677,2.9698841946404984,0.6364054007325094,0.25,1,5,0.3518;0.5985;0.748;0.8537;0.9595,4.440892098500626e-16,2.250051996573651e-16,300,0.0,1,1,1,1,1,0,0,0,weak,L2,strong squared decay,0.92,0.5653069302826872,1.0,ICO_CANDIDATE
gaussian_l2_1_0,14,120,0.0970687266744116,0.4280309741981053,0.49755781545029276,112,12,12,5,0.07575757575757576,8,3,0.8333333333333334,2,0.7993052538854533,0.3864782179006002,0.46377386148072025,0.8432483980991548,0.8432483980991548,1.2598576588125943,0.7901741137546299,0.25,1,7,0.2345;0.4209;0.5619;0.6592;0.7565,nan,nan,0,0.0,1,1,1,1,1,0,0,0,weak,L2,strong squared decay,0.8430079895900804,0.5242447373203842,1.0,ICO_CANDIDATE
gaussian_l2_1_0,15,120,0.09655565133560656,0.4472709612088795,0.5025090229428535,142,8,8,3,0.10714285714285714,5,3,0.75,2,0.6614378277661477,0.29788635169098016,0.3971818022546402,1.0353414703729118,1.455572574298833,2.716265886076597,0.8561796669235866,0.0,0,4,0.3873;0.6301;0.7941;0.9582,nan,nan,0,0.0,1,1,1,1,1,0,0,0,weak,L2,strong squared decay,0.73,0.3611172283263363,1.0,GOOD_PROTO_GEOMETRY
gaussian_l2_1_0,16,120,0.12603444580163253,0.3360648497256556,0.5047668567422962,148,12,12,3,0.045454545454545456,9,3,0.5,2,0.6454972243679028,0.3407921847221977,0.6815843694443954,0.4154759911097718,0.4949721634988674,0.7334606806661542,0.8782981698310125,0.0,0,8,0.2276;0.3843;0.4802;0.5761;0.6719,nan,nan,0,0.0,1,1,1,1,1,0,0,0,weak,L2,strong squared decay,0.6193966596198641,0.3970366856209812,1.0,WEAK_GEOMETRY
gaussian_l2_1_0,17,120,0.12718333189934955,0.4113593538359949,0.4501726822802908,125,14,14,9,0.0989010989010989,8,6,1.2857142857142858,4,1.385051387833237,0.6092734241624015,0.47387932990409004,0.8017061263722891,1.3294506771866694,2.7262491283630146,0.550682255627282,0.2261904761904762,3,7,0.3459;0.502;0.5937;0.6854;0.7771,0.28730792969024144,0.10300713502213986,300,0.0,1,1,1,1,1,0,0,0,weak,L2,strong squared decay,0.9018181818181819,0.5298301164471788,1.0,ICO_CANDIDATE
gaussian_l2_1_0,18,120,0.11873857536990842,0.4731736387410639,0.5047668567422962,99,10,10,4,0.08888888888888889,6,3,0.8,2,0.6,0.49633082416391044,0.6204135302048881,0.5712994816134239,0.7658562810417379,1.5440834787549933,1.8950355918071855,0.0,0,5,0.3009;0.5456;0.7125;0.836;0.9595,nan,nan,0,0.0,1,1,1,1,1,0,0,0,weak,L2,strong squared decay,0.7419027537250086,0.37963747730746594,1.0,GOOD_PROTO_GEOMETRY
gaussian_l2_1_0,19,120,0.14465816130304684,0.35001988465371786,0.49538982032807266,146,18,18,16,0.10457516339869281,7,11,1.7777777777777777,4,1.314684396244359,0.8478846590784228,0.47693512073161287,0.8303397290097191,2.954096350987618,6.59432059501675,0.30663133639152795,0.37037037037037035,5,6,0.4302;0.579;0.6681;0.7571;0.8462,8.881784197001252e-16,2.102022259956963e-16,300,0.0,1,1,1,1,1,0,0,0,weak,L2,strong squared decay,0.9872727272727273,0.5582799142183151,1.0,ICO_CANDIDATE
linf_exp_1_0,0,120,0.11414708388764988,0.40510598378079016,0.47835031370041653,166,23,23,36,0.1422924901185771,2,21,3.130434782608696,6,1.4833671399332158,1.2305435499014163,0.3930903006629524,0.979762337539715,3.2639548418395887,7.438859853489548,0.38513120715890725,0.41304347826086957,15,3,0.7317;0.868;0.9455,1.0390587621147116,0.12470366737097555,300,0.0,1,1,1,1,1,0,0,0,moderate,Linf,non-L1 norm; norm-agnosticity test,0.9896163682864451,0.6401880857578784,1.0,ICO_CANDIDATE
linf_exp_1_0,1,120,0.13036263691891542,0.3936137579488075,0.5047668567422962,174,20,20,35,0.18421052631578946,2,19,3.5,7,1.4317821063276353,1.5049739268562023,0.4299925505303435,0.9094514581765141,4.345190403027972,10.727048467524227,0.22599381986312544,0.5588095238095238,24,2,0.6341;0.9921,1.0417327006852846,0.026155939676181694,300,0.0,1,1,1,1,1,0,0,0,moderate,Linf,non-L1 norm; norm-agnosticity test,0.9835294117647059,0.7038455538751722,1.0,ICO_CANDIDATE
linf_exp_1_0,2,120,0.11921263753347898,0.4362854442874916,0.5047668567422962,152,15,15,16,0.1523809523809524,4,9,2.1333333333333333,4,1.2578641509408806,0.825847855679244,0.3871161823496456,0.9825034076434,1.903471724566321,3.3045449884359366,0.4917864361659694,0.17777777777777776,4,4,0.5761;0.7527;0.8613;0.9287,1.2333581344954623,0.34894319304518623,300,0.0,1,1,1,1,1,0,0,0,moderate,Linf,non-L1 norm; norm-agnosticity test,1.0,0.5981045358463165,1.0,ICO_CANDIDATE
linf_exp_1_0,3,120,0.10552907564120544,0.44289808680766873,0.5047668567422962,125,19,19,27,0.15789473684210525,1,19,2.8421052631578947,5,1.2253101817708227,0.986776645670018,0.3471991901431545,1.085201653294419,3.6803403191984776,8.021314513767381,0.28477680508682773,0.45614035087719296,9,3,0.5594;0.8722;0.9243,0.95747291311353,0.017002496222128783,300,0.0,1,1,1,1,1,0,0,0,moderate,Linf,non-L1 norm; norm-agnosticity test,0.9752941176470588,0.6670276762073947,1.0,ICO_CANDIDATE
linf_exp_1_0,4,120,0.10590445755581133,0.4511244673551578,0.5047668567422962,151,14,14,16,0.17582417582417584,3,8,2.2857142857142856,5,1.3324827218698307,0.8302007587236399,0.36321283194159243,1.060195766431979,2.009622826067255,3.706431814430253,0.4824932131089974,0.38571428571428573,6,3,0.7065;0.8733;0.9377,0.6408065344889069,0.062053046923343694,300,0.0,1,1,1,1,1,0,0,0,moderate,Linf,non-L1 norm; norm-agnosticity test,1.0,0.6589594096338287,1.0,ICO_CANDIDATE
linf_exp_1_0,5,120,0.10430586771210736,0.44207587843869284,0.5047668567422962,146,12,12,9,0.13636363636363635,5,6,1.5,4,1.0408329997330663,0.5764844942665027,0.38432299617766846,1.0699134738426952,1.7819797429090993,4.018963736801849,1.0019649527806327,0.18055555555555555,1,4,0.44;0.6764;0.829;0.9479,1.3237555519639206,0.23386348084695932,300,0.0,1,1,1,1,1,0,0,0,moderate,Linf,non-L1 norm; norm-agnosticity test,0.9400000000000001,0.589540923346954,1.0,ICO_CANDIDATE
linf_exp_1_0,6,120,0.09267658289750784,0.4416478341723656,0.5047668567422962,153,16,16,14,0.11666666666666667,4,6,1.75,4,0.9013878188659973,0.6513068973173153,0.37217536989560873,1.0080726967122438,1.6122221984440268,2.9362912664504655,0.6666502836064924,0.1875,2,3,0.405;0.7221;0.9104,0.28888554146312795,0.05889899389054067,103,0.0,1,1,1,1,1,0,0,0,moderate,Linf,non-L1 norm; norm-agnosticity test,0.99,0.5292363606591319,1.0,ICO_CANDIDATE
linf_exp_1_0,7,120,0.12137785654714132,0.355184618463829,0.5034647512994915,155,20,20,30,0.15789473684210525,2,18,3,5,1.2649110640673518,1.0880190369203622,0.3626730123067874,1.0532406341470641,2.9968169577017987,5.734311062463906,0.7023554589855135,0.3883333333333333,11,3,0.6525;0.7917;0.9296,2.3765001710989613,0.4515651549571829,300,0.0,1,1,1,1,1,0,0,0,moderate,Linf,non-L1 norm; norm-agnosticity test,0.991764705882353,0.686449874245458,1.0,ICO_CANDIDATE
linf_exp_1_0,8,120,0.11582488983829987,0.4294597493414137,0.5047668567422962,150,20,20,35,0.18421052631578946,1,20,3.5,6,1.3601470508735443,1.3732484130745577,0.3923566894498736,1.0057015218924354,3.133044652602568,7.089568541541326,0.32933166418765064,0.40166666666666667,16,3,0.391;0.6987;0.9266,1.9211959548523567,0.38050824470531064,300,0.0,1,1,1,1,1,0,0,0,moderate,Linf,non-L1 norm; norm-agnosticity test,0.9752941176470588,0.7060947087015288,1.0,ICO_CANDIDATE
linf_exp_1_0,9,120,0.08446623663864261,0.4668570164109822,0.5047668567422962,124,19,19,38,0.2222222222222222,2,15,4,8,2.200478416880723,1.652904932539017,0.41322623313475426,0.9349139882898919,2.2768137247322207,5.872073511478224,0.48102426737112064,0.5063909774436091,35,2,0.8782;0.969,0.2533416104798487,0.03824299606633121,300,0.0,1,1,1,1,1,0,0,0,moderate,Linf,non-L1 norm; norm-agnosticity test,1.0,0.6752785941604639,1.0,ICO_CANDIDATE
linf_exp_1_0,10,120,0.10886458551782703,0.4431258326333563,0.5047668567422962,148,17,17,22,0.16176470588235295,3,14,2.588235294117647,5,1.4974025954538654,1.11044580928322,0.4290358808594259,0.9082199310913168,2.676751407272794,6.331951260517556,0.8069118053776401,0.34705882352941175,7,3,0.6409;0.854;0.9648,1.3305190300885767,0.19108677402149518,300,0.0,1,1,1,1,1,0,0,0,moderate,Linf,non-L1 norm; norm-agnosticity test,1.0,0.6417159989022265,1.0,ICO_CANDIDATE
linf_exp_1_0,11,120,0.09625292014530168,0.42812478536237975,0.5024212154567266,161,11,11,11,0.2,2,10,2,3,1.044465935734187,0.697124264781484,0.348562132390742,1.1174254814855653,3.4207999069177117,8.60525232397131,0.280426211631397,0.1818181818181818,2,2,0.7858;0.9818,1.7763568394002505e-15,1.8355687340469255e-16,300,0.0,1,1,1,1,1,0,0,0,moderate,Linf,non-L1 norm; norm-agnosticity test,0.9502673796791444,0.6331992711763276,1.0,ICO_CANDIDATE
linf_exp_1_0,12,120,0.09731268885513288,0.4119527558982294,0.5047668567422962,136,20,20,29,0.15263157894736842,4,15,2.9,6,1.997498435543818,1.1105028225887048,0.3829320077892085,1.036721353865576,2.491562346781329,5.000230035995357,0.5430584137472396,0.325,16,4,0.5206;0.7338;0.8586;0.9277,1.2156410788615926,0.19756869710119015,300,0.0,1,1,1,1,1,0,0,0,moderate,Linf,non-L1 norm; norm-agnosticity test,1.0,0.6737198847792328,1.0,ICO_CANDIDATE
linf_exp_1_0,13,120,0.11548246341669435,0.39583433225461684,0.5047668567422962,137,20,20,36,0.18947368421052632,2,19,3.6,7,1.8275666882497066,1.3363539430172484,0.3712094286159024,1.0287669788701503,4.106059092524851,9.744532020857879,0.23613526052927264,0.5780952380952381,28,2,0.6242;0.9733,0.4272645369985568,0.016939870431201577,300,0.0,1,1,1,1,1,0,0,0,moderate,Linf,non-L1 norm; norm-agnosticity test,0.9835294117647059,0.6773816836886734,1.0,ICO_CANDIDATE
linf_exp_1_0,14,120,0.09896503978224096,0.43285254776825216,0.5047668567422962,149,17,17,19,0.13970588235294118,3,14,2.235294117647059,4,1.2141039670911937,0.8283214185386172,0.37056484513569715,1.015396432153567,2.938994839358004,6.8403585789037376,0.42625294999196206,0.22549019607843138,4,3,0.641;0.8541;0.9522,1.4034992125935157,0.2311012702289348,300,0.0,1,1,1,1,1,0,0,0,moderate,Linf,non-L1 norm; norm-agnosticity test,1.0,0.6002577149318682,1.0,ICO_CANDIDATE
linf_exp_1_0,15,120,0.09817837339570733,0.45921299663929016,0.5047668567422962,151,15,15,16,0.1523809523809524,5,5,2.1333333333333333,4,1.024152766382481,0.9564943524231636,0.44835672769835794,0.8301865129256509,1.0267227235592224,2.2649076141165727,1.0871522984243491,0.6888888888888889,7,4,0.3492;0.6032;0.8486;0.9475,0.34501241979757347,0.1253545125264517,300,0.0,1,1,1,1,1,0,0,0,moderate,Linf,non-L1 norm; norm-agnosticity test,1.0,0.5973181523044896,1.0,ICO_CANDIDATE
linf_exp_1_0,16,120,0.12046395794146778,0.338090108905191,0.5029763111151777,173,21,21,36,0.17142857142857143,1,21,3.4285714285714284,6,1.256276757930754,1.2939061407174248,0.3773892910425823,1.0144299549976394,3.1646260996226356,7.201105529514003,0.32475969636396007,0.3904761904761905,14,3,0.4847;0.7473;0.9222,2.151737735866903,0.3517518172304308,300,0.0,1,1,1,1,1,0,0,0,moderate,Linf,non-L1 norm; norm-agnosticity test,0.9752941176470588,0.6798772236514469,1.0,ICO_CANDIDATE
linf_exp_1_0,17,120,0.10231443784004178,0.4349319338987978,0.5047668567422962,166,15,15,18,0.17142857142857143,3,12,2.4,4,1.0832051206181281,0.8266601860319198,0.3444417441799666,1.1084320775698986,2.790186599194692,5.3148063880829834,0.4023308550012194,0.25555555555555554,4,3,0.5937;0.7996;0.9141,2.0462578474322455,0.40572570552847326,300,0.0,1,1,1,1,1,0,0,0,moderate,Linf,non-L1 norm; norm-agnosticity test,1.0,0.654357235825768,1.0,ICO_CANDIDATE
linf_exp_1_0,18,120,0.10258365747759207,0.44717266493897573,0.5022653318095446,134,12,12,10,0.15151515151515152,3,6,1.6666666666666667,3,0.9428090415820634,0.6256680414937303,0.3754008248962382,1.0147137787614782,1.8326655063416442,3.562464733555367,0.5168331399302589,0.0,0,3,0.7049;0.8906;0.9394,0.9568105696400444,0.1945514824934757,300,0.0,1,1,1,1,1,0,0,0,moderate,Linf,non-L1 norm; norm-agnosticity test,0.8300000000000001,0.459659933316811,1.0,ICO_CANDIDATE
linf_exp_1_0,19,120,0.11725724142249604,0.3257824743614573,0.5047668567422962,140,26,26,60,0.18461538461538463,1,26,4.615384615384615,8,1.7558018785405118,1.8457061874901772,0.39990300728953837,0.9603578351649756,2.6634626873157328,5.428197616793852,0.38130419325493514,0.3847069597069597,37,5,0.4056;0.6407;0.8148;0.8851;0.9221,1.5816975035972178,0.3635454658212583,300,0.0,1,1,1,1,1,0,0,0,moderate,Linf,non-L1 norm; norm-agnosticity test,0.9752941176470588,0.5826209873246695,1.0,ICO_CANDIDATE
anisotropic_exp,0,120,0.12360859400499166,0.3729297205530041,0.5047668567422962,161,33,33,50,0.0946969696969697,4,15,3.0303030303030303,6,1.3813662206110886,1.0964506209158034,0.36182870490221514,1.0541764141214478,2.3700435763659597,6.351813415046375,0.4345515350320678,0.4767676767676768,19,3,0.5167;0.8801;0.9373,1.1226190520495498,0.25024709380718924,241,0.0,1,1,1,1,1,0,0,0,moderate,anisotropic,unequal sigma/chi weights,1.0,0.5283673284825684,1.0,ICO_CANDIDATE
anisotropic_exp,1,120,0.14348923515757708,0.18092331467054917,0.5047668567422962,149,32,32,51,0.1028225806451613,3,16,3.1875,6,1.3095204274848102,1.240380346788165,0.3891389323256988,0.9853839014410551,2.321982482525326,6.370250423044958,0.4903887563423256,0.19583333333333333,13,2,0.6321;0.9354,1.322874894077148,0.27974039263914846,300,0.0,1,1,1,1,1,0,0,0,moderate,anisotropic,unequal sigma/chi weights,1.0,0.5064356758202162,1.0,ICO_CANDIDATE
anisotropic_exp,2,120,0.09822796962791751,0.4149186731439688,0.5047668567422962,173,24,24,30,0.10869565217391304,8,7,2.5,5,1.6072751268321592,1.1814434374318352,0.47257737497273405,0.8213635231586123,1.4579473966150895,4.016648706459846,0.8968935118697355,0.6083333333333333,19,6,0.348;0.5711;0.7265;0.8084;0.8604,0.14934039035468505,0.02513657808921681,300,0.0,1,1,1,1,1,0,0,0,moderate,anisotropic,unequal sigma/chi weights,0.9872727272727273,0.5953539679684361,1.0,ICO_CANDIDATE
anisotropic_exp,3,120,0.10011526104468048,0.27108555129563316,0.5047668567422962,154,27,27,41,0.1168091168091168,4,18,3.037037037037037,6,1.2614360271056593,1.252574796488895,0.41243316469756297,0.9322354680302459,4.047382277561151,10.496194608873322,0.4695871011870943,0.6641975308641975,22,3,0.5893;0.8421;0.9282,0.2631427211402748,0.015400820020506776,300,0.0,1,1,1,1,1,0,0,0,moderate,anisotropic,unequal sigma/chi weights,1.0,0.606499316929027,1.0,ICO_CANDIDATE
anisotropic_exp,4,120,0.0941882403176652,0.42637485859554836,0.5047668567422962,161,25,25,30,0.1,3,20,2.4,5,1.2,0.9249158759728203,0.3853816149886751,0.9832679433646342,3.7402052327801667,9.588698384265866,0.3051017198362099,0.30133333333333334,7,3,0.7342;0.8843;0.9721,0.9418850880101415,0.08395431938017164,300,0.0,1,1,1,1,1,0,0,0,moderate,anisotropic,unequal sigma/chi weights,1.0,0.6003889670125037,1.0,ICO_CANDIDATE
anisotropic_exp,5,120,0.10154762099227786,0.41620668766977864,0.5047668567422962,166,27,27,35,0.09971509971509972,5,18,2.5925925925925926,5,1.3946792876861283,1.0639410425479183,0.4103772592684828,0.9382241270788825,3.7337088868156987,8.578179598999021,0.3161478883784844,0.42962962962962964,18,4,0.6283;0.7729;0.8424;0.9118,0.2899129203233901,0.005809037044156325,300,0.0,1,1,1,1,1,0,0,0,moderate,anisotropic,unequal sigma/chi weights,1.0,0.6074314361904708,1.0,ICO_CANDIDATE
anisotropic_exp,6,120,0.0940139020943435,0.3988382008535194,0.5047668567422962,171,31,31,42,0.09032258064516129,3,19,2.7096774193548385,6,1.27490792550771,1.0644589415685437,0.3928360379598197,0.9734749938840319,4.446639489772405,11.357652152647617,0.34391368204056705,0.3709677419354839,15,2,0.755;0.9185,0.5734153912890778,0.007793052112862392,300,0.0,1,1,1,1,1,0,0,0,moderate,anisotropic,unequal sigma/chi weights,1.0,0.5559129694910504,1.0,ICO_CANDIDATE
anisotropic_exp,7,120,0.17898216302521044,0.1817951267265587,0.5047668567422962,162,30,30,44,0.10114942528735632,4,15,2.933333333333333,6,1.2631530214330944,1.273000198595696,0.4339773404303509,0.8815660181378219,2.870503609787888,7.079110096743234,0.5870348396473664,0.5611111111111111,23,3,0.4673;0.7306;0.9398,0.9250680428484253,0.025259652171439675,283,0.0,1,1,1,1,1,0,0,0,moderate,anisotropic,unequal sigma/chi weights,1.0,0.5550133905553518,1.0,ICO_CANDIDATE
anisotropic_exp,8,120,0.11660014606488729,0.38925025102053634,0.5047668567422962,164,28,28,43,0.11375661375661375,5,11,3.0714285714285716,6,1.7713709668053206,1.2435980582812496,0.4048923910683138,0.9564115353531867,2.437931827814033,6.785417235618951,0.6440263479480304,0.6,31,4,0.5041;0.726;0.85;0.9505,0.8400935145748067,0.043925657656720137,300,0.0,1,1,1,1,1,0,0,0,moderate,anisotropic,unequal sigma/chi weights,1.0,0.5091439332639158,1.0,ICO_CANDIDATE
anisotropic_exp,9,120,0.07937526333008679,0.43738530606256276,0.5047668567422962,143,26,26,29,0.08923076923076922,8,10,2.230769230769231,7,1.8461538461538463,0.8756311339164741,0.3925243014108332,0.9778992444542264,1.7468387448766967,4.121245284245488,0.8682080020799815,0.3380952380952381,16,6,0.3296;0.4977;0.6221;0.7178;0.8132,0.29195433838234464,0.07580485744786132,300,0.0,1,1,1,1,1,0,0,0,moderate,anisotropic,unequal sigma/chi weights,0.9872727272727273,0.5597606873405199,1.0,ICO_CANDIDATE
anisotropic_exp,10,120,0.09849359582981623,0.3600374923847807,0.5047668567422962,169,29,29,35,0.08620689655172414,4,16,2.413793103448276,4,1.0344827586206897,1.0015293344913556,0.4149192957178473,0.9214003542901371,3.5119579080008902,8.31814698666661,0.28268680647789285,0.42528735632183906,10,3,0.7436;0.8523;0.9122,0.34986270250961304,0.004550346152408652,300,0.0,1,1,1,1,1,0,0,0,moderate,anisotropic,unequal sigma/chi weights,1.0,0.5614769082953599,1.0,ICO_CANDIDATE
anisotropic_exp,11,120,0.0783285360882777,0.3451785538860977,0.5047668567422962,147,32,32,58,0.11693548387096774,3,30,3.625,7,2.011684617428885,1.3998970734758192,0.3861785030278122,1.0012771187079175,5.499630855858775,14.270906523648273,0.17842250612137114,0.525,51,3,0.5187;0.7551;0.9451,0.5973002033606605,0.02258352349948555,300,0.0,1,1,1,1,1,0,0,0,moderate,anisotropic,unequal sigma/chi weights,0.9735970947535071,0.45635254352607857,1.0,ICO_CANDIDATE
anisotropic_exp,12,120,0.10574339862580542,0.3379018639340213,0.5047668567422962,147,28,28,35,0.09259259259259259,4,14,2.5,5,1.2955969390869324,0.8985389022341955,0.3594155608936782,1.094895828066571,2.7213162314475325,6.939536389114567,0.4121332870677098,0.20476190476190476,6,3,0.5273;0.8667;0.9352,1.2752185458932912,0.11188701041357951,300,0.0,1,1,1,1,1,0,0,0,moderate,anisotropic,unequal sigma/chi weights,1.0,0.5285934692781176,1.0,ICO_CANDIDATE
anisotropic_exp,13,120,0.09574812426344384,0.3790744407380515,0.5047668567422962,159,31,31,42,0.09032258064516129,8,10,2.7096774193548385,6,1.6302295185152615,1.0819106521297939,0.39927655019075725,0.9688896381962367,1.9617374328182275,4.904784007230459,0.6791099427065905,0.4827956989247312,24,6,0.3693;0.6147;0.7361;0.8179;0.8716,1.1056033402688237,0.07143487049990367,189,0.0,1,1,1,1,1,0,0,0,moderate,anisotropic,unequal sigma/chi weights,0.9872727272727273,0.5030263556308081,1.0,ICO_CANDIDATE
anisotropic_exp,14,120,0.08788401043817053,0.40313362490215787,0.5047668567422962,167,26,26,36,0.11076923076923077,3,15,2.769230769230769,5,1.2498520622516862,1.1730759737118828,0.4236107682848465,0.9136952429654059,3.1461927639114435,9.091530228855671,0.3389655118342692,0.3871794871794872,14,2,0.831;0.9329,1.094357192796135,0.037357906908538206,300,0.0,1,1,1,1,1,0,0,0,moderate,anisotropic,unequal sigma/chi weights,1.0,0.603533033479735,1.0,ICO_CANDIDATE
anisotropic_exp,15,120,0.15370172233128743,0.27282344204738496,0.5047668567422962,160,32,32,53,0.10685483870967742,4,20,3.3125,8,2.1999644883497553,1.2969920528275165,0.39154477066491067,0.9617735215446855,2.8213251491781075,8.563689170423675,0.36448591537323555,0.29575892857142855,37,3,0.7717;0.8801;0.9391,1.1312445757696645,0.12859768950161032,300,0.0,1,1,1,1,1,0,0,0,moderate,anisotropic,unequal sigma/chi weights,1.0,0.47882963120146793,1.0,ICO_CANDIDATE
anisotropic_exp,16,120,0.11326022451605716,0.3047398886779052,0.5047668567422962,145,34,34,47,0.08377896613190731,6,10,2.764705882352941,7,1.4360653665569063,1.1164485300894773,0.4038218087557684,0.9562807923194743,1.9496801061207651,6.35423742156828,0.6417687876456268,0.4280112044817927,23,4,0.3409;0.5861;0.7705;0.9256,0.6086118519867849,0.052439746144586546,50,0.0,1,1,1,1,1,0,0,0,moderate,anisotropic,unequal sigma/chi weights,1.0,0.48473681513713013,1.0,ICO_CANDIDATE
anisotropic_exp,17,120,0.10110710735090675,0.40309840288240695,0.5047668567422962,171,26,26,24,0.07384615384615385,8,10,1.8461538461538463,4,1.2307692307692308,0.7226187104045225,0.39141846813578307,0.9801485879451035,2.6264445654400483,7.4007507947632085,0.39114531782510764,0.2948717948717949,7,6,0.3896;0.6586;0.7629;0.8132;0.8635,0.07012786189144204,0.0046024739328276824,234,0.0,1,1,1,1,1,0,0,0,moderate,anisotropic,unequal sigma/chi weights,0.9872727272727273,0.5016676037865612,1.0,ICO_CANDIDATE
anisotropic_exp,18,120,0.09008415625850068,0.3980171270927003,0.5047668567422962,195,22,22,33,0.14285714285714285,6,8,3,6,1.7837651700316894,1.2823110906639363,0.42743703022131213,0.8996512595704533,1.3847955462814756,3.586419572435006,0.6775531578026925,0.44696969696969696,22,5,0.4395;0.7247;0.8268;0.8882;0.9495,0.7487799991478005,0.1046413531339782,159,0.0,1,1,1,1,1,0,0,0,moderate,anisotropic,unequal sigma/chi weights,1.0,0.6224411931555476,1.0,ICO_CANDIDATE
anisotropic_exp,19,120,0.09186960940826737,0.30955503587853944,0.5047668567422962,150,33,33,52,0.09848484848484848,6,14,3.1515151515151514,7,1.635240916755399,1.3770326132897404,0.43694304075539836,0.8900170185600262,2.236575364464253,6.520988862456635,0.7558337259320753,0.5261183261183261,31,4,0.4799;0.6927;0.8186;0.9118,0.6041455271977285,0.0786620839150549,300,0.0,1,1,1,1,1,0,0,0,moderate,anisotropic,unequal sigma/chi weights,1.0,0.4748087426282852,1.0,ICO_CANDIDATE
power,0,120,0.12089822701056332,0.4037769706724475,0.5047668567422962,164,23,23,37,0.14624505928853754,2,22,3.217391304347826,6,1.5591670501774877,1.342874469144292,0.4173799025718745,0.9279325699361464,3.835896880299078,9.222481478271954,0.2632660706958009,0.49420289855072463,19,2,0.5951;0.9291,0.18742635086237946,0.009066653288884502,300,0.0,1,1,1,1,1,0,0,0,moderate,coordinate-power,S8 agnosticity power candidate,0.9824552429667519,0.6561261560256887,1.0,ICO_CANDIDATE
power,1,120,0.11234896718118166,0.4219181736469073,0.4891713100180208,134,16,16,20,0.16666666666666666,4,10,2.5,5,1.4577379737113252,1.0871270782332791,0.4348508312933117,0.8995726778364818,1.8917839493673074,4.388554856452961,0.5824743055699386,0.47291666666666665,9,3,0.6311;0.8146;0.9252,0.450271227537945,0.06792122495518806,300,0.0,1,1,1,1,1,0,0,0,moderate,coordinate-power,S8 agnosticity power candidate,1.0,0.6529437599803863,1.0,ICO_CANDIDATE
power,2,120,0.12571969785323464,0.41271179209121667,0.5047668567422962,150,21,21,25,0.11904761904761904,2,19,2.380952380952381,5,1.1741740958036146,0.8905926861281687,0.37404892817383084,1.0257832466886605,3.3620037581010376,7.796322975502878,0.4820034223079539,0.12857142857142856,4,3,0.7481;0.8938;0.9512,1.5747339990893803,0.19283744074997733,300,0.0,1,1,1,1,1,0,0,0,moderate,coordinate-power,S8 agnosticity power candidate,0.9909803921568627,0.5603099264810959,1.0,ICO_CANDIDATE
power,3,120,0.11308695807919814,0.4250432229187642,0.4802644835753649,140,19,19,27,0.15789473684210525,3,13,2.8421052631578947,6,1.4604670447906956,1.098729598539158,0.38659004393044455,0.984436293084643,2.3968094368654853,5.00663667831456,0.4146146290983527,0.3929824561403509,11,3,0.7275;0.8723;0.9507,0.8226114279852168,0.06943479072796742,300,0.0,1,1,1,1,1,0,0,0,moderate,coordinate-power,S8 agnosticity power candidate,1.0,0.6666774676891082,1.0,ICO_CANDIDATE
power,4,120,0.10609941103512575,0.4604695721438307,0.5047668567422962,130,16,16,24,0.2,3,10,3,6,1.5,1.2500757136165555,0.41669190453885185,0.9299348224510724,1.7979720512434194,4.266193839474308,0.6043258075645237,0.6354166666666666,14,2,0.756;0.917,0.49886598150847083,0.04534950313681938,300,0.0,1,1,1,1,1,0,0,0,moderate,coordinate-power,S8 agnosticity power candidate,1.0,0.7197755578903591,1.0,ICO_CANDIDATE
power,5,120,0.10602022830791889,0.45330978341471584,0.5047668567422962,126,14,14,10,0.10989010989010989,6,6,1.4285714285714286,4,1.1157499537009505,0.5788179181145683,0.4051725426801978,0.9433605627230098,1.6956727205050588,3.7868992173076013,0.7348555234905164,0.2619047619047619,2,5,0.4012;0.6298;0.7665;0.862;0.9575,4.440892098500626e-16,8.215650382226158e-17,300,0.0,1,1,1,1,1,0,0,0,moderate,coordinate-power,S8 agnosticity power candidate,0.9500000000000001,0.5529270648094291,1.0,ICO_CANDIDATE
power,6,120,0.09971614948218807,0.4280467592886251,0.48909783002974005,141,20,20,20,0.10526315789473684,9,5,2,4,1.4832396974191326,0.9589159605542946,0.4794579802771473,0.8065569143385304,1.0852205998053641,3.097574602480369,1.078399139480067,0.525,11,7,0.2893;0.5449;0.6688;0.7293;0.7898,0.272226681729246,0.09709783362053591,59,0.0,1,1,1,1,1,0,0,0,moderate,coordinate-power,S8 agnosticity power candidate,0.9618181818181818,0.5183484370626051,1.0,ICO_CANDIDATE
power,7,120,0.12222424831110518,0.34052994022965305,0.5047668567422962,149,20,20,24,0.12631578947368421,2,19,2.4,4,1.1135528725660044,0.9777620897160975,0.4074008707150406,0.9448462976837776,4.658442682708037,11.553758852543162,0.2143556360268316,0.3333333333333333,7,2,0.6465;0.939,0.17173441043764548,0.004944553733963182,300,0.0,1,1,1,1,1,0,0,0,moderate,coordinate-power,S8 agnosticity power candidate,0.9835294117647059,0.6127572955196211,1.0,ICO_CANDIDATE
power,8,120,0.12511883443129512,0.4230821854016326,0.5047668567422962,151,19,19,24,0.14035087719298245,6,10,2.526315789473684,5,1.7879250264697926,1.2613370166113693,0.4992792357420004,0.7541710844263454,1.8039498998262926,4.667966616360779,0.5017793461746793,0.4631578947368421,16,5,0.5321;0.7104;0.7902;0.87;0.9499,0.20357333179459425,0.019092919591165696,300,0.0,1,1,1,1,1,0,0,0,moderate,coordinate-power,S8 agnosticity power candidate,1.0,0.6321471484099688,1.0,ICO_CANDIDATE
power,9,120,0.08504994617434541,0.434465694214441,0.503092955128863,151,18,18,27,0.17647058823529413,3,13,3,6,1.7638342073763937,1.2169606723951902,0.4056535574650634,0.9447269220386207,2.3075423331741702,5.579773833372199,0.49919516770192696,0.17592592592592593,9,3,0.7328;0.8979;0.9743,0.8089206610204078,0.15604266654352403,300,0.0,1,1,1,1,1,0,0,0,moderate,coordinate-power,S8 agnosticity power candidate,1.0,0.6426916750083606,1.0,ICO_CANDIDATE
power,10,120,0.12177632330879533,0.413771226374403,0.5047668567422962,148,19,19,17,0.09941520467836257,7,8,1.7894736842105263,5,1.3602997877179037,0.7660622924845327,0.4280936340354742,0.8878120616107142,1.5869081828844869,3.6401446592346067,0.9211357156470209,0.26666666666666666,6,6,0.3601;0.5374;0.6732;0.8084;0.8895,0.21156799051050634,0.03125084743590308,300,0.0,1,1,1,1,1,0,0,0,moderate,coordinate-power,S8 agnosticity power candidate,0.9872727272727273,0.5223539752680715,1.0,ICO_CANDIDATE
power,11,120,0.11828793203110557,0.3541569365957456,0.5047668567422962,157,17,17,20,0.14705882352941177,3,7,2.3529411764705883,6,1.0256232808330996,0.976980306668723,0.4152166303342073,0.9071378434750453,1.915693231387634,5.371493590020256,0.6990616361938282,0.6431372549019608,6,2,0.6137;0.9468,0.21261110728474053,0.020863590732063446,300,0.0,1,1,1,1,1,0,0,0,moderate,coordinate-power,S8 agnosticity power candidate,1.0,0.600400155584493,1.0,ICO_CANDIDATE
power,12,120,0.09436629234022391,0.39422915120674534,0.4967682287265278,154,14,14,8,0.08791208791208792,7,4,1.1428571428571428,3,0.832993127835043,0.5095474026399218,0.44585397730993165,0.8745688747417704,1.1371848250635417,2.1773874492277994,0.7357373881498889,0.16666666666666666,1,6,0.2883;0.4988;0.6659;0.7786;0.8651,0.0,0.0,300,0.0,1,1,1,1,1,0,0,0,moderate,coordinate-power,S8 agnosticity power candidate,0.9172727272727274,0.496544966255786,1.0,ICO_CANDIDATE
power,13,120,0.1304612035765349,0.3985288840778654,0.5047668567422962,133,20,20,32,0.16842105263157894,3,14,3.2,4,1.2489995996796797,1.3907371949598475,0.4346053734249523,0.8965509650102998,3.2642936290697597,8.984349605767443,0.5238223166148005,0.6333333333333333,21,2,0.7764;0.9243,0.3875589372727848,0.013090946370751555,300,0.0,1,1,1,1,1,0,0,0,moderate,coordinate-power,S8 agnosticity power candidate,1.0,0.721025235454694,1.0,ICO_CANDIDATE
power,14,120,0.09743500195563638,0.4359466255739379,0.5037802859693944,153,18,18,17,0.1111111111111111,4,15,1.8888888888888888,5,1.3698697784375504,0.6371883883537983,0.33733502912848146,1.1143626567838387,3.944076616737405,9.480584850291525,0.22059782453010499,0.1259259259259259,2,4,0.531;0.6965;0.8621;0.9779,1.1858165320182605,0.059290826600913255,300,0.0,1,1,1,1,1,0,0,0,moderate,coordinate-power,S8 agnosticity power candidate,1.0,0.5241234231094615,1.0,ICO_CANDIDATE
power,15,120,0.09214695978140951,0.4527509646814515,0.5047668567422962,152,16,16,13,0.10833333333333334,6,5,1.625,3,0.8569568250501305,0.7552416425717535,0.4647640877364637,0.8041692464105279,1.1285995206706956,2.5686990243493817,1.0870438062923249,0.3541666666666667,3,5,0.3128;0.5381;0.7183;0.8721;0.958,0.037336825798767403,0.013441257287556265,300,0.0,1,1,1,1,1,0,0,0,moderate,coordinate-power,S8 agnosticity power candidate,0.9800000000000001,0.5305939856910662,1.0,ICO_CANDIDATE
power,16,120,0.13974114656359327,0.28970256123677024,0.5047668567422962,145,23,23,36,0.1422924901185771,2,21,3.130434782608696,5,1.2616189676997311,1.3303297543175279,0.42496644929587696,0.9014857790931321,3.827287223271347,10.089804175485435,0.4176548165951975,0.5159420289855072,18,2,0.7788;0.9449,0.37574251545153636,0.021374521471975192,300,0.0,1,1,1,1,1,0,0,0,moderate,coordinate-power,S8 agnosticity power candidate,0.9896163682864451,0.6605603083807522,1.0,ICO_CANDIDATE
power,17,120,0.11179522607511284,0.4541713625932684,0.5047668567422962,135,18,18,20,0.13071895424836602,3,10,2.2222222222222223,4,1.1811273125260722,0.8683591531502868,0.39076161891762906,0.9813611130385778,2.3760032844237866,5.678082339269613,0.4539909678119645,0.2777777777777778,4,2,0.7788;0.9165,0.6345435335540608,0.04908879396864719,300,0.0,1,1,1,1,1,0,0,0,moderate,coordinate-power,S8 agnosticity power candidate,1.0,0.5984384975675149,1.0,ICO_CANDIDATE
power,18,120,0.10598124079054398,0.440036861416038,0.5047668567422962,137,16,16,14,0.11666666666666667,5,6,1.75,4,1.14564392373896,0.6918269593730946,0.3953296910703397,0.9697716719599969,1.9621299498770346,4.703549493502473,0.5254220540322416,0.21875,4,4,0.5023;0.7396;0.8576;0.9456,0.06446587667590598,0.007735905201108748,300,0.0,1,1,1,1,1,0,0,0,moderate,coordinate-power,S8 agnosticity power candidate,0.99,0.5349766189721563,1.0,ICO_CANDIDATE
power,19,120,0.11546663013546156,0.30692594421957026,0.5047668567422962,147,24,24,33,0.11956521739130435,6,14,2.75,7,1.8763883748662837,1.2198357765358574,0.44357664601303903,0.8764032802256935,2.5892060035394073,6.98824277762602,0.4148946822977418,0.5087301587301587,22,5,0.5803;0.7415;0.8099;0.8783;0.9467,0.17765337265548964,0.007701797668391957,300,0.0,1,1,1,1,1,0,0,0,moderate,coordinate-power,S8 agnosticity power candidate,1.0,0.6296798163293403,1.0,ICO_CANDIDATE
asymmetric,0,120,0.08402544796801022,0.3595308855655328,0.5047668567422962,237,22,22,34,0.1471861471861472,4,10,3.090909090909091,6,1.275969895238018,0.9559480319785885,0.309277304463661,1.1851284254407048,2.327688292068013,6.385547018452156,0.5748088068989863,0.5772727272727273,21,3,0.4764;0.7992;0.9539,0.9674405565982758,0.09146750477054563,271,0.25910894786249733,1,1,1,1,0,0,0,0,moderate,directed,directed proto-topology,1.0,0.6573647367243824,1.0,ICO_CANDIDATE
asymmetric,1,120,0.06408966145052417,0.14566447678819328,0.49201118514031505,335,10,10,5,0.1111111111111111,5,3,1,2,0.4472135954999579,0.3653765160889334,0.3653765160889334,1.0180641838008997,1.1556369827594735,1.8435009775523423,0.8218130159633638,0.0,0,4,0.3133;0.5568;0.7954;0.9351,nan,nan,0,0.3539408713031033,1,1,1,1,0,0,0,0,moderate,directed,directed proto-topology,0.78,0.39076777055189144,1.0,GOOD_PROTO_GEOMETRY
asymmetric,2,120,0.07591099108480978,0.37941444824246856,0.5047668567422962,228,16,16,17,0.14166666666666666,5,6,2.125,4,0.9921567416492215,0.6673528916608982,0.3140484196051285,1.1699574567538196,1.7389711601330127,3.7439974268846736,0.66956529257229,0.625,7,4,0.3908;0.6671;0.8514;0.9459,0.622173552233509,0.12130211712311627,300,0.24556449268776787,1,1,1,1,0,0,0,0,moderate,directed,directed proto-topology,1.0,0.590200129471772,1.0,ICO_CANDIDATE
asymmetric,3,120,0.07449865217955495,0.374145304155028,0.5047668567422962,224,12,12,8,0.12121212121212122,6,4,1.3333333333333333,3,1.1055415967851332,0.4339399555567111,0.3254549666675333,1.1272446169415349,1.6144206381457216,3.4989185174790736,0.44494085285083024,0.2777777777777778,2,5,0.4167;0.6284;0.7378;0.8472;0.9567,0.4186959265097292,0.2122157435734246,146,0.2873048405912956,1,1,1,1,0,0,0,0,moderate,directed,directed proto-topology,0.93,0.5707724773724594,1.0,ICO_CANDIDATE
asymmetric,4,120,0.08378768782130945,0.32610525725652445,0.494348479455946,199,15,15,17,0.1619047619047619,2,14,2.2666666666666666,4,0.9977753031397177,0.6899393304624756,0.3043849987334451,1.2001046479929787,4.224061418031205,10.096269763941361,0.2293391444578504,0.23333333333333334,2,2,0.7005;0.9665,1.0099238658046499,0.06415693629809753,300,0.24093830668079072,1,1,1,1,0,0,0,0,moderate,directed,directed proto-topology,0.9862745098039215,0.6331308989800954,1.0,ICO_CANDIDATE
asymmetric,5,120,0.08564035753398962,0.39540977909971003,0.5043358543349596,210,15,15,10,0.09523809523809523,6,5,1.3333333333333333,3,0.7888106377466154,0.40717911350223934,0.3053843351266795,1.1991539001666234,1.9861587561559308,3.915439013248835,0.5694549770551104,0.15555555555555556,1,5,0.3561;0.5874;0.7554;0.8603;0.945,4.440892098500626e-16,1.4506914188435379e-16,300,0.25420666524800695,1,1,1,1,0,0,0,0,moderate,directed,directed proto-topology,0.9500000000000001,0.5007315527394479,1.0,ICO_CANDIDATE
asymmetric,6,120,0.06874920345921291,0.27057202945942976,0.47643470337324184,223,22,22,27,0.11688311688311688,3,14,2.4545454545454546,5,1.1570838237598051,0.7142710825143465,0.2909993299132522,1.2434435431234674,3.4616394017078447,8.895807458288624,0.3702416881501046,0.14242424242424243,5,2,0.6332;0.9284,1.352920351229043,0.07150508550384449,300,0.24434891075005705,1,1,1,1,0,0,0,0,moderate,directed,directed proto-topology,1.0,0.5731523347568307,1.0,ICO_CANDIDATE
asymmetric,7,120,0.0827218762630589,0.16962979208943418,0.4953534912360462,268,23,23,45,0.17786561264822134,2,22,3.9130434782608696,7,1.7423882530012067,1.2122309041008437,0.3097923421591045,1.180301899978366,4.8013904805448275,13.454372163854352,0.21098514841378402,0.5020703933747412,30,2,0.657;0.9763,1.0779800218920292,0.04025692572072959,300,0.28905147368259976,1,1,1,1,0,0,0,0,moderate,directed,directed proto-topology,0.9824552429667519,0.6227737316259311,1.0,ICO_CANDIDATE
asymmetric,8,120,0.08209938517292667,0.2775752884501265,0.5047668567422962,240,23,23,42,0.16600790513833993,5,9,3.652173913043478,8,2.276700428101921,1.2411942659323154,0.3398508109100387,1.0905601071688988,1.3703508249933063,2.6213556683392776,0.7866116525056777,0.5093167701863354,48,4,0.3754;0.6163;0.7936;0.9157,0.575936525438371,0.13400195650156213,270,0.3158462118774884,1,1,1,1,0,0,0,0,moderate,directed,directed proto-topology,1.0,0.5204924073745473,1.0,ICO_CANDIDATE
asymmetric,9,120,0.06333613638036906,0.25161375508291584,0.501066470290878,214,20,20,24,0.12631578947368421,5,7,2.4,4,1.0677078252031311,0.7484649645615687,0.31186040190065367,1.1807258591811642,1.7906406566999875,4.005845050352159,0.6271207516693917,0.6666666666666666,9,4,0.3748;0.6554;0.8672;0.9439,0.5872500758117198,0.21096520116121373,137,0.2424361218532385,1,1,1,1,0,0,0,0,moderate,directed,directed proto-topology,1.0,0.5793886795983975,1.0,ICO_CANDIDATE
asymmetric,10,120,0.07824473820461933,0.35068973729963776,0.48798075750834247,278,19,19,38,0.2222222222222222,6,11,4,10,2.9379548919900764,1.4039574361434624,0.3509893590358656,1.0687730057747304,1.5563209870851564,2.6049839455283608,0.5143399792636892,0.6221804511278195,51,6,0.4715;0.6363;0.7171;0.7978;0.8785,0.6201218530350661,0.11067291193704787,300,0.31466072282416396,1,1,1,1,0,0,0,0,moderate,directed,directed proto-topology,0.9872727272727273,0.6219725817112911,1.0,ICO_CANDIDATE
asymmetric,11,120,0.057801885879440136,0.15878220773135043,0.4618003865334441,270,15,15,18,0.17142857142857143,4,7,2.4,5,1.3063945294843617,0.7999039690688715,0.33329332044536314,1.116656152533767,1.5502560930875222,3.2348424786180336,0.7524340100294108,0.42666666666666664,7,3,0.4511;0.7257;0.9318,0.9725610352533389,0.2932009458072444,300,0.2887698486762986,1,1,1,1,0,0,0,0,moderate,directed,directed proto-topology,1.0,0.6338946091175057,1.0,ICO_CANDIDATE
asymmetric,12,120,0.08220960821861303,0.3418729499066152,0.4773199717732123,237,21,21,29,0.1380952380952381,3,11,2.761904761904762,4,1.0190921218587,0.8497398186073636,0.3076644170819765,1.1879634887528658,2.9309833972625454,7.455196682004791,0.488605786694983,0.611111111111111,15,2,0.566;0.9391,0.621432840340945,0.007484473441545762,300,0.19921993516497272,1,1,1,1,0,0,0,0,moderate,directed,directed proto-topology,1.0,0.6678818503036561,1.0,ICO_CANDIDATE
asymmetric,13,120,0.0820246845655345,0.33439202259405904,0.5047668567422962,193,20,20,23,0.12105263157894737,6,6,2.3,4,1.004987562112089,0.6976398736856336,0.3033216842111451,1.205193411716283,1.6576084535869284,3.8063531929497034,0.6092748765505175,0.6583333333333333,9,5,0.3162;0.5612;0.8049;0.8883;0.951,0.5514645043135573,0.17175594808398345,31,0.2634921505879266,1,1,1,1,0,0,0,0,moderate,directed,directed proto-topology,1.0,0.5634237561340527,1.0,ICO_CANDIDATE
asymmetric,14,120,0.08383841599820722,0.373498576302879,0.5047668567422962,250,15,15,15,0.14285714285714285,5,6,2,4,1.3662601021279464,0.6511512754978496,0.3255756377489248,1.13352596386379,2.0211899921131677,4.571816160920999,0.42265137379982887,0.35555555555555557,6,4,0.5548;0.7438;0.8412;0.9386,0.4331829080734457,0.07479661537874484,300,0.2648944662412316,1,1,1,1,0,0,0,0,moderate,directed,directed proto-topology,1.0,0.5821685987048191,1.0,ICO_CANDIDATE
asymmetric,15,120,0.06955029197467624,0.2722043373607721,0.4131876000316152,267,19,19,27,0.15789473684210525,6,6,2.8421052631578947,5,1.6626914735717173,0.9619636845867812,0.3384687038360897,1.0974707634009542,1.1528817714807278,1.9009303805576727,0.8303889698039771,0.5263157894736842,24,5,0.3154;0.555;0.7133;0.8373;0.9092,0.9504651902788364,0.13020053028090295,107,0.27224941753889353,1,1,1,1,0,0,0,0,moderate,directed,directed proto-topology,1.0,0.633453008554465,1.0,ICO_CANDIDATE
asymmetric,16,120,0.07750499481741477,0.35188772273707936,0.5047668567422962,274,27,27,60,0.17094017094017094,2,20,4.444444444444445,7,1.547598697464902,1.4342009675099159,0.3226952176897311,1.1476048075853091,3.272703776340955,9.435967669790198,0.36728583356504657,0.5693121693121693,47,1,0.9122,1.2210156724313181,0.1346172635606931,300,0.2757576891610131,1,1,1,1,0,0,0,0,moderate,directed,directed proto-topology,0.9533333333333334,0.5459219734684425,1.0,ICO_CANDIDATE
asymmetric,17,120,0.07446002056320282,0.321601128188701,0.5047668567422962,240,20,20,25,0.13157894736842105,4,11,2.5,4,1.118033988749895,0.8038020456234607,0.3215208182493843,1.1488628849069233,2.862388769562965,7.104529052278702,0.42432531059568745,0.6166666666666667,10,3,0.6173;0.8381;0.9356,0.36230357145582825,0.0235185731371847,300,0.3092421987814794,1,1,1,1,0,0,0,0,moderate,directed,directed proto-topology,1.0,0.6246080452879477,1.0,ICO_CANDIDATE
asymmetric,18,120,0.07671876222349257,0.3459466950201577,0.4941537433366723,242,22,22,41,0.1774891774891775,4,12,3.727272727272727,7,1.7104443383842527,1.3158803642750736,0.3530410733420929,1.0531661002860442,1.9450055117053107,3.8569422033562764,0.6453813101934014,0.6456709956709956,37,3,0.5037;0.7548;0.9105,0.5399855856643234,0.08754690472643312,300,0.37050070218403186,1,1,1,1,0,0,0,0,moderate,directed,directed proto-topology,1.0,0.6050518708545491,1.0,ICO_CANDIDATE
asymmetric,19,120,0.07103466169830928,0.1873342949483912,0.4980806182079163,231,22,22,39,0.16883116883116883,3,11,3.5454545454545454,7,1.5587661999529314,1.1442710292193425,0.32274311080545554,1.1520468513808126,1.9729673510606407,4.008490666298689,0.5518097708227166,0.5512987012987013,23,3,0.5413;0.899;0.9403,1.053026949528995,0.170972269258395,283,0.2636841138690375,1,1,1,1,0,0,0,0,moderate,directed,directed proto-topology,1.0,0.6495681551823708,1.0,ICO_CANDIDATE
step,0,120,0.11757435077041953,0.49077095241025603,0.5037802859693944,55,2,2,0,0.0,2,1,0,0,0.0,0.0,0.0,0.0,0.0,0.0,0.0,0.0,0,0,,nan,nan,0,0.0,0,0,1,0,1,1,0,0,none,threshold,hard two-level gate,0.17,0.3498195250748265,0.35,FAILED_COLLAPSE
step,1,120,0.13467631397866983,0.48083291196732686,0.5042497134612948,60,1,1,0,0.0,1,1,0,0,0.0,0.0,0.0,0.0,0.0,0.0,0.0,0.0,0,0,,nan,nan,0,0.0,0,0,1,0,1,1,0,0,none,threshold,hard two-level gate,0.13029411764705884,0.3614364115831765,0.35,FAILED_COLLAPSE
step,2,120,0.11731609828432016,0.48275867400634187,0.5047668567422962,54,1,1,0,0.0,1,1,0,0,0.0,0.0,0.0,0.0,0.0,0.0,0.0,0.0,0,0,,nan,nan,0,0.0,0,0,1,0,1,1,0,0,none,threshold,hard two-level gate,0.13029411764705884,0.3614364115831765,0.35,FAILED_COLLAPSE
step,3,120,0.12226899653547406,0.485901729085848,0.5037802859693944,57,5,5,0,0.0,5,1,0,0,0.0,0.0,0.0,0.0,0.0,0.0,0.0,0.0,0,0,,nan,nan,0,0.0,0,0,1,0,1,1,0,0,none,threshold,hard two-level gate,0.187,0.31937310849757417,0.35,FAILED_COLLAPSE
step,4,120,0.11168823675452796,0.49007012020644897,0.5037802859693944,45,5,5,1,0.1,4,2,0.4,1,0.4898979485566356,0.14666666666666667,0.3666666666666667,1.0033021088637848,1.0033021088637848,1.0033021088637848,0.3986835036686908,0.0,0,3,0.3919;0.6622;0.9324,nan,nan,0,0.0,0,0,1,0,1,1,0,0,none,threshold,hard two-level gate,0.665,0.33599169877181484,0.35,FAILED_FRAGMENTED
step,5,120,0.10358565986913267,0.48539646721870144,0.5037802859693944,40,2,2,0,0.0,2,1,0,0,0.0,0.0,0.0,0.0,0.0,0.0,0.0,0.0,0,0,,nan,nan,0,0.0,0,0,1,0,1,1,0,0,none,threshold,hard two-level gate,0.17,0.3498195250748265,0.35,FAILED_COLLAPSE
step,6,120,0.11339623690582191,0.4901538919062609,0.5037802859693944,42,3,3,0,0.0,3,1,0,0,0.0,0.0,0.0,0.0,0.0,0.0,0.0,0.0,0,0,,nan,nan,0,0.0,0,0,1,0,1,1,0,0,none,threshold,hard two-level gate,0.185,0.3277638978717726,0.35,FAILED_COLLAPSE
step,7,120,0.13353881394300252,0.4788403850923978,0.5016448090604372,47,1,1,0,0.0,1,1,0,0,0.0,0.0,0.0,0.0,0.0,0.0,0.0,0.0,0,0,,nan,nan,0,0.0,0,0,1,0,1,1,0,0,none,threshold,hard two-level gate,0.13029411764705884,0.3614364115831765,0.35,FAILED_COLLAPSE
step,8,120,0.10909310341460786,0.48300164948990576,0.49656919932747096,53,2,2,0,0.0,2,1,0,0,0.0,0.0,0.0,0.0,0.0,0.0,0.0,0.0,0,0,,nan,nan,0,0.0,0,0,1,0,1,1,0,0,none,threshold,hard two-level gate,0.17,0.3498195250748265,0.35,FAILED_COLLAPSE
step,9,120,0.12466227737660836,0.4926954599541086,0.5037802859693944,45,3,3,0,0.0,3,1,0,0,0.0,0.0,0.0,0.0,0.0,0.0,0.0,0.0,0,0,,nan,nan,0,0.0,0,0,1,0,1,1,0,0,none,threshold,hard two-level gate,0.185,0.3277638978717726,0.35,FAILED_COLLAPSE
step,10,120,0.11639960531778897,0.48953857558508185,0.5037802859693944,44,3,3,0,0.0,3,1,0,0,0.0,0.0,0.0,0.0,0.0,0.0,0.0,0.0,0,0,,nan,nan,0,0.0,0,0,1,0,1,1,0,0,none,threshold,hard two-level gate,0.185,0.3277638978717726,0.35,FAILED_COLLAPSE
step,11,120,0.11140908887630997,0.49155353690219467,0.5037802859693944,41,2,2,0,0.0,2,1,0,0,0.0,0.0,0.0,0.0,0.0,0.0,0.0,0.0,0,0,,nan,nan,0,0.0,0,0,1,0,1,1,0,0,none,threshold,hard two-level gate,0.17,0.3498195250748265,0.35,FAILED_COLLAPSE
step,12,120,0.14404708146192183,0.47810776316998194,0.5037802859693944,78,1,1,0,0.0,1,1,0,0,0.0,0.0,0.0,0.0,0.0,0.0,0.0,0.0,0,0,,nan,nan,0,0.0,0,0,1,0,1,1,0,0,none,threshold,hard two-level gate,0.13029411764705884,0.3614364115831765,0.35,FAILED_COLLAPSE
step,13,120,0.14977166673947437,0.48665986832796576,0.5037802859693944,50,1,1,0,0.0,1,1,0,0,0.0,0.0,0.0,0.0,0.0,0.0,0.0,0.0,0,0,,nan,nan,0,0.0,0,0,1,0,1,1,0,0,none,threshold,hard two-level gate,0.13029411764705884,0.3614364115831765,0.35,FAILED_COLLAPSE
step,14,120,0.12707857563739344,0.4876385318496636,0.5041644239721544,51,2,2,0,0.0,2,1,0,0,0.0,0.0,0.0,0.0,0.0,0.0,0.0,0.0,0,0,,nan,nan,0,0.0,0,0,1,0,1,1,0,0,none,threshold,hard two-level gate,0.17,0.3498195250748265,0.35,FAILED_COLLAPSE
step,15,120,0.12164064419442847,0.48310831931415177,0.5037802859693944,58,5,5,1,0.1,4,2,0.4,1,0.4898979485566356,0.21000000000000002,0.525,0.6443570163905132,0.6443570163905132,0.6443570163905132,0.6207738719765559,0.0,0,3,0.3919;0.6622;0.9324,nan,nan,0,0.0,0,0,1,0,1,1,0,0,none,threshold,hard two-level gate,0.6223228419668616,0.33599169877181484,0.35,FAILED_FRAGMENTED
step,16,120,0.1314872274594714,0.48170797285711975,0.5037802859693944,48,4,4,0,0.0,4,1,0,0,0.0,0.0,0.0,0.0,0.0,0.0,0.0,0.0,0,0,,nan,nan,0,0.0,0,0,1,0,1,1,0,0,none,threshold,hard two-level gate,0.2,0.3203590550548476,0.35,FAILED_COLLAPSE
step,17,120,0.13161522456618086,0.476958047292678,0.5038563574491294,72,2,2,0,0.0,2,1,0,0,0.0,0.0,0.0,0.0,0.0,0.0,0.0,0.0,0,0,,nan,nan,0,0.0,0,0,1,0,1,1,0,0,none,threshold,hard two-level gate,0.17,0.3498195250748265,0.35,FAILED_COLLAPSE
step,18,120,0.0992795527229942,0.501202678701171,0.5037802859693944,20,1,1,0,0.0,1,1,0,0,0.0,0.0,0.0,0.0,0.0,0.0,0.0,0.0,0,0,,nan,nan,0,0.0,0,0,1,0,1,1,0,0,none,threshold,hard two-level gate,0.13029411764705884,0.3614364115831765,0.35,FAILED_COLLAPSE
step,19,120,0.14013221992000777,0.460992459893863,0.5030243421941795,82,1,1,0,0.0,1,1,0,0,0.0,0.0,0.0,0.0,0.0,0.0,0.0,0.0,0,0,,nan,nan,0,0.0,0,0,1,0,1,1,0,0,none,threshold,hard two-level gate,0.13029411764705884,0.3614364115831765,0.35,FAILED_COLLAPSE
cosine_resonance,0,120,0.16473633611777735,0.5047668567422962,0.5047668567422962,1,1,1,0,0.0,1,1,0,0,0.0,0.0,0.0,0.0,0.0,0.0,0.0,0.0,0,0,,nan,nan,0,0.0,0,1,0,1,1,0,1,0,strong,periodic,periodic resonance control,0.13029411764705884,0.3614364115831765,0.5,FAILED_COLLAPSE
cosine_resonance,1,120,0.16486400153229627,0.5047668567422962,0.5047668567422962,1,1,1,0,0.0,1,1,0,0,0.0,0.0,0.0,0.0,0.0,0.0,0.0,0.0,0,0,,nan,nan,0,0.0,0,1,0,1,1,0,1,0,strong,periodic,periodic resonance control,0.13029411764705884,0.3614364115831765,0.5,FAILED_COLLAPSE
cosine_resonance,2,120,0.16661205951949612,0.5047668567422962,0.5047668567422962,1,1,1,0,0.0,1,1,0,0,0.0,0.0,0.0,0.0,0.0,0.0,0.0,0.0,0,0,,nan,nan,0,0.0,0,1,0,1,1,0,1,0,strong,periodic,periodic resonance control,0.13029411764705884,0.3614364115831765,0.5,FAILED_COLLAPSE
cosine_resonance,3,120,0.1579436977867927,0.5047668567422962,0.5047668567422962,1,1,1,0,0.0,1,1,0,0,0.0,0.0,0.0,0.0,0.0,0.0,0.0,0.0,0,0,,nan,nan,0,0.0,0,1,0,1,1,0,1,0,strong,periodic,periodic resonance control,0.13029411764705884,0.3614364115831765,0.5,FAILED_COLLAPSE
cosine_resonance,4,120,0.1703110202917955,0.5047668567422962,0.5047668567422962,1,1,1,0,0.0,1,1,0,0,0.0,0.0,0.0,0.0,0.0,0.0,0.0,0.0,0,0,,nan,nan,0,0.0,0,1,0,1,1,0,1,0,strong,periodic,periodic resonance control,0.13029411764705884,0.3614364115831765,0.5,FAILED_COLLAPSE
cosine_resonance,5,120,0.16813051238597493,0.5047668567422962,0.5047668567422962,1,1,1,0,0.0,1,1,0,0,0.0,0.0,0.0,0.0,0.0,0.0,0.0,0.0,0,0,,nan,nan,0,0.0,0,1,0,1,1,0,1,0,strong,periodic,periodic resonance control,0.13029411764705884,0.3614364115831765,0.5,FAILED_COLLAPSE
cosine_resonance,6,120,0.15161288527377456,0.5047668567422962,0.5047668567422962,1,1,1,0,0.0,1,1,0,0,0.0,0.0,0.0,0.0,0.0,0.0,0.0,0.0,0,0,,nan,nan,0,0.0,0,1,0,1,1,0,1,0,strong,periodic,periodic resonance control,0.13029411764705884,0.3614364115831765,0.5,FAILED_COLLAPSE
cosine_resonance,7,120,0.15459051983557975,0.5047668567422962,0.5047668567422962,1,1,1,0,0.0,1,1,0,0,0.0,0.0,0.0,0.0,0.0,0.0,0.0,0.0,0,0,,nan,nan,0,0.0,0,1,0,1,1,0,1,0,strong,periodic,periodic resonance control,0.13029411764705884,0.3614364115831765,0.5,FAILED_COLLAPSE
cosine_resonance,8,120,0.1518876007582241,0.5047668567422962,0.5047668567422962,1,1,1,0,0.0,1,1,0,0,0.0,0.0,0.0,0.0,0.0,0.0,0.0,0.0,0,0,,nan,nan,0,0.0,0,1,0,1,1,0,1,0,strong,periodic,periodic resonance control,0.13029411764705884,0.3614364115831765,0.5,FAILED_COLLAPSE
cosine_resonance,9,120,0.1554174432461332,0.5047668567422962,0.5047668567422962,1,1,1,0,0.0,1,1,0,0,0.0,0.0,0.0,0.0,0.0,0.0,0.0,0.0,0,0,,nan,nan,0,0.0,0,1,0,1,1,0,1,0,strong,periodic,periodic resonance control,0.13029411764705884,0.3614364115831765,0.5,FAILED_COLLAPSE
cosine_resonance,10,120,0.16812067550369605,0.5047668567422962,0.5047668567422962,1,1,1,0,0.0,1,1,0,0,0.0,0.0,0.0,0.0,0.0,0.0,0.0,0.0,0,0,,nan,nan,0,0.0,0,1,0,1,1,0,1,0,strong,periodic,periodic resonance control,0.13029411764705884,0.3614364115831765,0.5,FAILED_COLLAPSE
cosine_resonance,11,120,0.1570120176367992,0.5047668567422962,0.5047668567422962,1,1,1,0,0.0,1,1,0,0,0.0,0.0,0.0,0.0,0.0,0.0,0.0,0.0,0,0,,nan,nan,0,0.0,0,1,0,1,1,0,1,0,strong,periodic,periodic resonance control,0.13029411764705884,0.3614364115831765,0.5,FAILED_COLLAPSE
cosine_resonance,12,120,0.15240380741595022,0.5047668567422962,0.5047668567422962,1,1,1,0,0.0,1,1,0,0,0.0,0.0,0.0,0.0,0.0,0.0,0.0,0.0,0,0,,nan,nan,0,0.0,0,1,0,1,1,0,1,0,strong,periodic,periodic resonance control,0.13029411764705884,0.3614364115831765,0.5,FAILED_COLLAPSE
cosine_resonance,13,120,0.1544767907238286,0.5047668567422962,0.5047668567422962,1,1,1,0,0.0,1,1,0,0,0.0,0.0,0.0,0.0,0.0,0.0,0.0,0.0,0,0,,nan,nan,0,0.0,0,1,0,1,1,0,1,0,strong,periodic,periodic resonance control,0.13029411764705884,0.3614364115831765,0.5,FAILED_COLLAPSE
cosine_resonance,14,120,0.15500091552159992,0.5047668567422962,0.5047668567422962,1,1,1,0,0.0,1,1,0,0,0.0,0.0,0.0,0.0,0.0,0.0,0.0,0.0,0,0,,nan,nan,0,0.0,0,1,0,1,1,0,1,0,strong,periodic,periodic resonance control,0.13029411764705884,0.3614364115831765,0.5,FAILED_COLLAPSE
cosine_resonance,15,120,0.1628641188548657,0.5047668567422962,0.5047668567422962,1,1,1,0,0.0,1,1,0,0,0.0,0.0,0.0,0.0,0.0,0.0,0.0,0.0,0,0,,nan,nan,0,0.0,0,1,0,1,1,0,1,0,strong,periodic,periodic resonance control,0.13029411764705884,0.3614364115831765,0.5,FAILED_COLLAPSE
cosine_resonance,16,120,0.15498058189452857,0.5047668567422962,0.5047668567422962,1,1,1,0,0.0,1,1,0,0,0.0,0.0,0.0,0.0,0.0,0.0,0.0,0.0,0,0,,nan,nan,0,0.0,0,1,0,1,1,0,1,0,strong,periodic,periodic resonance control,0.13029411764705884,0.3614364115831765,0.5,FAILED_COLLAPSE
cosine_resonance,17,120,0.15248912100737386,0.5047668567422962,0.5047668567422962,1,1,1,0,0.0,1,1,0,0,0.0,0.0,0.0,0.0,0.0,0.0,0.0,0.0,0,0,,nan,nan,0,0.0,0,1,0,1,1,0,1,0,strong,periodic,periodic resonance control,0.13029411764705884,0.3614364115831765,0.5,FAILED_COLLAPSE
cosine_resonance,18,120,0.14971582284609275,0.5047668567422962,0.5047668567422962,1,1,1,0,0.0,1,1,0,0,0.0,0.0,0.0,0.0,0.0,0.0,0.0,0.0,0,0,,nan,nan,0,0.0,0,1,0,1,1,0,1,0,strong,periodic,periodic resonance control,0.13029411764705884,0.3614364115831765,0.5,FAILED_COLLAPSE
cosine_resonance,19,120,0.1467349972157047,0.5047668567422962,0.5047668567422962,1,1,1,0,0.0,1,1,0,0,0.0,0.0,0.0,0.0,0.0,0.0,0.0,0.0,0,0,,nan,nan,0,0.0,0,1,0,1,1,0,1,0,strong,periodic,periodic resonance control,0.13029411764705884,0.3614364115831765,0.5,FAILED_COLLAPSE
mixed_resonance,0,120,0.14653771884914632,0.5047668567422962,0.5047668567422962,1,1,1,0,0.0,1,1,0,0,0.0,0.0,0.0,0.0,0.0,0.0,0.0,0.0,0,0,,nan,nan,0,0.0,0,1,0,1,1,0,1,0,strong,mixed-periodic,nonmonotone interference control,0.13029411764705884,0.3614364115831765,0.5,FAILED_COLLAPSE
mixed_resonance,1,120,0.15368242509611452,0.5047668567422962,0.5047668567422962,1,1,1,0,0.0,1,1,0,0,0.0,0.0,0.0,0.0,0.0,0.0,0.0,0.0,0,0,,nan,nan,0,0.0,0,1,0,1,1,0,1,0,strong,mixed-periodic,nonmonotone interference control,0.13029411764705884,0.3614364115831765,0.5,FAILED_COLLAPSE
mixed_resonance,2,120,0.15589045935931298,0.5047668567422962,0.5047668567422962,1,1,1,0,0.0,1,1,0,0,0.0,0.0,0.0,0.0,0.0,0.0,0.0,0.0,0,0,,nan,nan,0,0.0,0,1,0,1,1,0,1,0,strong,mixed-periodic,nonmonotone interference control,0.13029411764705884,0.3614364115831765,0.5,FAILED_COLLAPSE
mixed_resonance,3,120,0.13786685313225153,0.5047668567422962,0.5047668567422962,1,1,1,0,0.0,1,1,0,0,0.0,0.0,0.0,0.0,0.0,0.0,0.0,0.0,0,0,,nan,nan,0,0.0,0,1,0,1,1,0,1,0,strong,mixed-periodic,nonmonotone interference control,0.13029411764705884,0.3614364115831765,0.5,FAILED_COLLAPSE
mixed_resonance,4,120,0.15217640875884006,0.5047668567422962,0.5047668567422962,1,1,1,0,0.0,1,1,0,0,0.0,0.0,0.0,0.0,0.0,0.0,0.0,0.0,0,0,,nan,nan,0,0.0,0,1,0,1,1,0,1,0,strong,mixed-periodic,nonmonotone interference control,0.13029411764705884,0.3614364115831765,0.5,FAILED_COLLAPSE
mixed_resonance,5,120,0.14823592397339425,0.5047668567422962,0.5047668567422962,1,1,1,0,0.0,1,1,0,0,0.0,0.0,0.0,0.0,0.0,0.0,0.0,0.0,0,0,,nan,nan,0,0.0,0,1,0,1,1,0,1,0,strong,mixed-periodic,nonmonotone interference control,0.13029411764705884,0.3614364115831765,0.5,FAILED_COLLAPSE
mixed_resonance,6,120,0.13680106598696642,0.5047668567422962,0.5047668567422962,1,1,1,0,0.0,1,1,0,0,0.0,0.0,0.0,0.0,0.0,0.0,0.0,0.0,0,0,,nan,nan,0,0.0,0,1,0,1,1,0,1,0,strong,mixed-periodic,nonmonotone interference control,0.13029411764705884,0.3614364115831765,0.5,FAILED_COLLAPSE
mixed_resonance,7,120,0.13562530405664663,0.5047668567422962,0.5047668567422962,1,1,1,0,0.0,1,1,0,0,0.0,0.0,0.0,0.0,0.0,0.0,0.0,0.0,0,0,,nan,nan,0,0.0,0,1,0,1,1,0,1,0,strong,mixed-periodic,nonmonotone interference control,0.13029411764705884,0.3614364115831765,0.5,FAILED_COLLAPSE
mixed_resonance,8,120,0.13811356629321975,0.5047668567422962,0.5047668567422962,1,1,1,0,0.0,1,1,0,0,0.0,0.0,0.0,0.0,0.0,0.0,0.0,0.0,0,0,,nan,nan,0,0.0,0,1,0,1,1,0,1,0,strong,mixed-periodic,nonmonotone interference control,0.13029411764705884,0.3614364115831765,0.5,FAILED_COLLAPSE
mixed_resonance,9,120,0.1391329105302756,0.5047668567422962,0.5047668567422962,1,1,1,0,0.0,1,1,0,0,0.0,0.0,0.0,0.0,0.0,0.0,0.0,0.0,0,0,,nan,nan,0,0.0,0,1,0,1,1,0,1,0,strong,mixed-periodic,nonmonotone interference control,0.13029411764705884,0.3614364115831765,0.5,FAILED_COLLAPSE
mixed_resonance,10,120,0.15477225392999855,0.5047668567422962,0.5047668567422962,1,1,1,0,0.0,1,1,0,0,0.0,0.0,0.0,0.0,0.0,0.0,0.0,0.0,0,0,,nan,nan,0,0.0,0,1,0,1,1,0,1,0,strong,mixed-periodic,nonmonotone interference control,0.13029411764705884,0.3614364115831765,0.5,FAILED_COLLAPSE
mixed_resonance,11,120,0.143741653477635,0.5047668567422962,0.5047668567422962,1,1,1,0,0.0,1,1,0,0,0.0,0.0,0.0,0.0,0.0,0.0,0.0,0.0,0,0,,nan,nan,0,0.0,0,1,0,1,1,0,1,0,strong,mixed-periodic,nonmonotone interference control,0.13029411764705884,0.3614364115831765,0.5,FAILED_COLLAPSE
mixed_resonance,12,120,0.13792127215717453,0.5047668567422962,0.5047668567422962,1,1,1,0,0.0,1,1,0,0,0.0,0.0,0.0,0.0,0.0,0.0,0.0,0.0,0,0,,nan,nan,0,0.0,0,1,0,1,1,0,1,0,strong,mixed-periodic,nonmonotone interference control,0.13029411764705884,0.3614364115831765,0.5,FAILED_COLLAPSE
mixed_resonance,13,120,0.13896407943925518,0.5047668567422962,0.5047668567422962,1,1,1,0,0.0,1,1,0,0,0.0,0.0,0.0,0.0,0.0,0.0,0.0,0.0,0,0,,nan,nan,0,0.0,0,1,0,1,1,0,1,0,strong,mixed-periodic,nonmonotone interference control,0.13029411764705884,0.3614364115831765,0.5,FAILED_COLLAPSE
mixed_resonance,14,120,0.14176364979684186,0.5047668567422962,0.5047668567422962,1,1,1,0,0.0,1,1,0,0,0.0,0.0,0.0,0.0,0.0,0.0,0.0,0.0,0,0,,nan,nan,0,0.0,0,1,0,1,1,0,1,0,strong,mixed-periodic,nonmonotone interference control,0.13029411764705884,0.3614364115831765,0.5,FAILED_COLLAPSE
mixed_resonance,15,120,0.13867214731554248,0.5047668567422962,0.5047668567422962,1,1,1,0,0.0,1,1,0,0,0.0,0.0,0.0,0.0,0.0,0.0,0.0,0.0,0,0,,nan,nan,0,0.0,0,1,0,1,1,0,1,0,strong,mixed-periodic,nonmonotone interference control,0.13029411764705884,0.3614364115831765,0.5,FAILED_COLLAPSE
mixed_resonance,16,120,0.13085456585752753,0.5047668567422962,0.5047668567422962,1,1,1,0,0.0,1,1,0,0,0.0,0.0,0.0,0.0,0.0,0.0,0.0,0.0,0,0,,nan,nan,0,0.0,0,1,0,1,1,0,1,0,strong,mixed-periodic,nonmonotone interference control,0.13029411764705884,0.3614364115831765,0.5,FAILED_COLLAPSE
mixed_resonance,17,120,0.13708293465989566,0.5047668567422962,0.5047668567422962,1,1,1,0,0.0,1,1,0,0,0.0,0.0,0.0,0.0,0.0,0.0,0.0,0.0,0,0,,nan,nan,0,0.0,0,1,0,1,1,0,1,0,strong,mixed-periodic,nonmonotone interference control,0.13029411764705884,0.3614364115831765,0.5,FAILED_COLLAPSE
mixed_resonance,18,120,0.1348109676685609,0.5047668567422962,0.5047668567422962,1,1,1,0,0.0,1,1,0,0,0.0,0.0,0.0,0.0,0.0,0.0,0.0,0.0,0,0,,nan,nan,0,0.0,0,1,0,1,1,0,1,0,strong,mixed-periodic,nonmonotone interference control,0.13029411764705884,0.3614364115831765,0.5,FAILED_COLLAPSE
mixed_resonance,19,120,0.13069343459406504,0.5047668567422962,0.5047668567422962,1,1,1,0,0.0,1,1,0,0,0.0,0.0,0.0,0.0,0.0,0.0,0.0,0.0,0,0,,nan,nan,0,0.0,0,1,0,1,1,0,1,0,strong,mixed-periodic,nonmonotone interference control,0.13029411764705884,0.3614364115831765,0.5,FAILED_COLLAPSE
threshold_resonance,0,120,0.09975920554688461,0.5047668567422962,0.5047668567422962,1,1,1,0,0.0,1,1,0,0,0.0,0.0,0.0,0.0,0.0,0.0,0.0,0.0,0,0,,nan,nan,0,0.0,0,0,0,0,1,0,1,0,moderate,threshold-resonance,discrete resonance levels,0.13029411764705884,0.3614364115831765,0.25,FAILED_COLLAPSE
threshold_resonance,1,120,0.10614092263914411,0.5047668567422962,0.5047668567422962,1,1,1,0,0.0,1,1,0,0,0.0,0.0,0.0,0.0,0.0,0.0,0.0,0.0,0,0,,nan,nan,0,0.0,0,0,0,0,1,0,1,0,moderate,threshold-resonance,discrete resonance levels,0.13029411764705884,0.3614364115831765,0.25,FAILED_COLLAPSE
threshold_resonance,2,120,0.12055313918342918,0.5047668567422962,0.5047668567422962,1,1,1,0,0.0,1,1,0,0,0.0,0.0,0.0,0.0,0.0,0.0,0.0,0.0,0,0,,nan,nan,0,0.0,0,0,0,0,1,0,1,0,moderate,threshold-resonance,discrete resonance levels,0.13029411764705884,0.3614364115831765,0.25,FAILED_COLLAPSE
threshold_resonance,3,120,0.08940227358044825,0.5047668567422962,0.5047668567422962,1,1,1,0,0.0,1,1,0,0,0.0,0.0,0.0,0.0,0.0,0.0,0.0,0.0,0,0,,nan,nan,0,0.0,0,0,0,0,1,0,1,0,moderate,threshold-resonance,discrete resonance levels,0.13029411764705884,0.3614364115831765,0.25,FAILED_COLLAPSE
threshold_resonance,4,120,0.09926023343630903,0.5047668567422962,0.5047668567422962,1,1,1,0,0.0,1,1,0,0,0.0,0.0,0.0,0.0,0.0,0.0,0.0,0.0,0,0,,nan,nan,0,0.0,0,0,0,0,1,0,1,0,moderate,threshold-resonance,discrete resonance levels,0.13029411764705884,0.3614364115831765,0.25,FAILED_COLLAPSE
threshold_resonance,5,120,0.10452719041521975,0.5046896079853712,0.5047668567422962,1,1,1,0,0.0,1,1,0,0,0.0,0.0,0.0,0.0,0.0,0.0,0.0,0.0,0,0,,nan,nan,0,0.0,0,0,0,0,1,0,1,0,moderate,threshold-resonance,discrete resonance levels,0.13029411764705884,0.3614364115831765,0.25,FAILED_COLLAPSE
threshold_resonance,6,120,0.09819608791749626,0.5045899240017936,0.5047668567422962,1,1,1,0,0.0,1,1,0,0,0.0,0.0,0.0,0.0,0.0,0.0,0.0,0.0,0,0,,nan,nan,0,0.0,0,0,0,0,1,0,1,0,moderate,threshold-resonance,discrete resonance levels,0.13029411764705884,0.3614364115831765,0.25,FAILED_COLLAPSE
threshold_resonance,7,120,0.0886369258030019,0.5046495813999515,0.5047668567422962,1,1,1,0,0.0,1,1,0,0,0.0,0.0,0.0,0.0,0.0,0.0,0.0,0.0,0,0,,nan,nan,0,0.0,0,0,0,0,1,0,1,0,moderate,threshold-resonance,discrete resonance levels,0.13029411764705884,0.3614364115831765,0.25,FAILED_COLLAPSE
threshold_resonance,8,120,0.10955620308897038,0.5047668567422962,0.5047668567422962,1,1,1,0,0.0,1,1,0,0,0.0,0.0,0.0,0.0,0.0,0.0,0.0,0.0,0,0,,nan,nan,0,0.0,0,0,0,0,1,0,1,0,moderate,threshold-resonance,discrete resonance levels,0.13029411764705884,0.3614364115831765,0.25,FAILED_COLLAPSE
threshold_resonance,9,120,0.10271035434101146,0.5047668567422962,0.5047668567422962,1,1,1,0,0.0,1,1,0,0,0.0,0.0,0.0,0.0,0.0,0.0,0.0,0.0,0,0,,nan,nan,0,0.0,0,0,0,0,1,0,1,0,moderate,threshold-resonance,discrete resonance levels,0.13029411764705884,0.3614364115831765,0.25,FAILED_COLLAPSE
threshold_resonance,10,120,0.09190534629754608,0.5047668567422962,0.5047668567422962,1,1,1,0,0.0,1,1,0,0,0.0,0.0,0.0,0.0,0.0,0.0,0.0,0.0,0,0,,nan,nan,0,0.0,0,0,0,0,1,0,1,0,moderate,threshold-resonance,discrete resonance levels,0.13029411764705884,0.3614364115831765,0.25,FAILED_COLLAPSE
threshold_resonance,11,120,0.11516872907238322,0.5046189733231061,0.5047668567422962,1,1,1,0,0.0,1,1,0,0,0.0,0.0,0.0,0.0,0.0,0.0,0.0,0.0,0,0,,nan,nan,0,0.0,0,0,0,0,1,0,1,0,moderate,threshold-resonance,discrete resonance levels,0.13029411764705884,0.3614364115831765,0.25,FAILED_COLLAPSE
threshold_resonance,12,120,0.10846908127392511,0.504753987294045,0.5047668567422962,1,1,1,0,0.0,1,1,0,0,0.0,0.0,0.0,0.0,0.0,0.0,0.0,0.0,0,0,,nan,nan,0,0.0,0,0,0,0,1,0,1,0,moderate,threshold-resonance,discrete resonance levels,0.13029411764705884,0.3614364115831765,0.25,FAILED_COLLAPSE
threshold_resonance,13,120,0.11160575474887027,0.5047668567422962,0.5047668567422962,1,1,1,0,0.0,1,1,0,0,0.0,0.0,0.0,0.0,0.0,0.0,0.0,0.0,0,0,,nan,nan,0,0.0,0,0,0,0,1,0,1,0,moderate,threshold-resonance,discrete resonance levels,0.13029411764705884,0.3614364115831765,0.25,FAILED_COLLAPSE
threshold_resonance,14,120,0.10583895141559628,0.5047668567422962,0.5047668567422962,1,1,1,0,0.0,1,1,0,0,0.0,0.0,0.0,0.0,0.0,0.0,0.0,0.0,0,0,,nan,nan,0,0.0,0,0,0,0,1,0,1,0,moderate,threshold-resonance,discrete resonance levels,0.13029411764705884,0.3614364115831765,0.25,FAILED_COLLAPSE
threshold_resonance,15,120,0.08998389942679753,0.5047668567422962,0.5047668567422962,1,1,1,0,0.0,1,1,0,0,0.0,0.0,0.0,0.0,0.0,0.0,0.0,0.0,0,0,,nan,nan,0,0.0,0,0,0,0,1,0,1,0,moderate,threshold-resonance,discrete resonance levels,0.13029411764705884,0.3614364115831765,0.25,FAILED_COLLAPSE
threshold_resonance,16,120,0.10536315565153802,0.5047425238953507,0.5047668567422962,1,1,1,0,0.0,1,1,0,0,0.0,0.0,0.0,0.0,0.0,0.0,0.0,0.0,0,0,,nan,nan,0,0.0,0,0,0,0,1,0,1,0,moderate,threshold-resonance,discrete resonance levels,0.13029411764705884,0.3614364115831765,0.25,FAILED_COLLAPSE
threshold_resonance,17,120,0.11314550758396202,0.5047668567422962,0.5047668567422962,1,1,1,0,0.0,1,1,0,0,0.0,0.0,0.0,0.0,0.0,0.0,0.0,0.0,0,0,,nan,nan,0,0.0,0,0,0,0,1,0,1,0,moderate,threshold-resonance,discrete resonance levels,0.13029411764705884,0.3614364115831765,0.25,FAILED_COLLAPSE
threshold_resonance,18,120,0.11320652288785164,0.5047668567422962,0.5047668567422962,1,1,1,0,0.0,1,1,0,0,0.0,0.0,0.0,0.0,0.0,0.0,0.0,0.0,0,0,,nan,nan,0,0.0,0,0,0,0,1,0,1,0,moderate,threshold-resonance,discrete resonance levels,0.13029411764705884,0.3614364115831765,0.25,FAILED_COLLAPSE
threshold_resonance,19,120,0.11660759606834081,0.5029932525808868,0.5047668567422962,1,1,1,0,0.0,1,1,0,0,0.0,0.0,0.0,0.0,0.0,0.0,0.0,0.0,0,0,,nan,nan,0,0.0,0,0,0,0,1,0,1,0,moderate,threshold-resonance,discrete resonance levels,0.13029411764705884,0.3614364115831765,0.25,FAILED_COLLAPSE
random_projection,0,120,0.11840860074461958,0.496250850003233,0.5047668567422962,120,1,1,0,0.0,1,1,0,0,0.0,0.0,0.0,0.0,0.0,0.0,0.0,0.0,0,0,,nan,nan,0,0.0,0,0,0,1,1,0,0,1,strong,random-feature,structured random-feature control,0.13029411764705884,0.3614364115831765,0.30000000000000004,FAILED_COLLAPSE
random_projection,1,120,0.12017280047763436,0.49363145694269334,0.5027162725805205,142,1,1,0,0.0,1,1,0,0,0.0,0.0,0.0,0.0,0.0,0.0,0.0,0.0,0,0,,nan,nan,0,0.0,0,0,0,1,1,0,0,1,strong,random-feature,structured random-feature control,0.13029411764705884,0.3614364115831765,0.30000000000000004,FAILED_COLLAPSE
random_projection,2,120,0.12706033290563715,0.49602156417902865,0.5047668567422962,127,1,1,0,0.0,1,1,0,0,0.0,0.0,0.0,0.0,0.0,0.0,0.0,0.0,0,0,,nan,nan,0,0.0,0,0,0,1,1,0,0,1,strong,random-feature,structured random-feature control,0.13029411764705884,0.3614364115831765,0.30000000000000004,FAILED_COLLAPSE
random_projection,3,120,0.11284867133775323,0.4939172215045043,0.5047668567422962,147,1,1,0,0.0,1,1,0,0,0.0,0.0,0.0,0.0,0.0,0.0,0.0,0.0,0,0,,nan,nan,0,0.0,0,0,0,1,1,0,0,1,strong,random-feature,structured random-feature control,0.13029411764705884,0.3614364115831765,0.30000000000000004,FAILED_COLLAPSE
random_projection,4,120,0.12899401203828872,0.4958306650083777,0.5047668567422962,138,1,1,0,0.0,1,1,0,0,0.0,0.0,0.0,0.0,0.0,0.0,0.0,0.0,0,0,,nan,nan,0,0.0,0,0,0,1,1,0,0,1,strong,random-feature,structured random-feature control,0.13029411764705884,0.3614364115831765,0.30000000000000004,FAILED_COLLAPSE
random_projection,5,120,0.12085138907473092,0.49538715983937776,0.5047668567422962,137,1,1,0,0.0,1,1,0,0,0.0,0.0,0.0,0.0,0.0,0.0,0.0,0.0,0,0,,nan,nan,0,0.0,0,0,0,1,1,0,0,1,strong,random-feature,structured random-feature control,0.13029411764705884,0.3614364115831765,0.30000000000000004,FAILED_COLLAPSE
random_projection,6,120,0.11762315328853513,0.4962086366603338,0.5047668567422962,120,1,1,0,0.0,1,1,0,0,0.0,0.0,0.0,0.0,0.0,0.0,0.0,0.0,0,0,,nan,nan,0,0.0,0,0,0,1,1,0,0,1,strong,random-feature,structured random-feature control,0.13029411764705884,0.3614364115831765,0.30000000000000004,FAILED_COLLAPSE
random_projection,7,120,0.11752273237691685,0.49637610772674456,0.5047668567422962,131,1,1,0,0.0,1,1,0,0,0.0,0.0,0.0,0.0,0.0,0.0,0.0,0.0,0,0,,nan,nan,0,0.0,0,0,0,1,1,0,0,1,strong,random-feature,structured random-feature control,0.13029411764705884,0.3614364115831765,0.30000000000000004,FAILED_COLLAPSE
random_projection,8,120,0.1174227600119278,0.4942265115593859,0.5037802859693944,157,1,1,0,0.0,1,1,0,0,0.0,0.0,0.0,0.0,0.0,0.0,0.0,0.0,0,0,,nan,nan,0,0.0,0,0,0,1,1,0,0,1,strong,random-feature,structured random-feature control,0.13029411764705884,0.3614364115831765,0.30000000000000004,FAILED_COLLAPSE
random_projection,9,120,0.1145972449550917,0.4923628828566475,0.5047668567422962,143,1,1,0,0.0,1,1,0,0,0.0,0.0,0.0,0.0,0.0,0.0,0.0,0.0,0,0,,nan,nan,0,0.0,0,0,0,1,1,0,0,1,strong,random-feature,structured random-feature control,0.13029411764705884,0.3614364115831765,0.30000000000000004,FAILED_COLLAPSE
random_projection,10,120,0.12032379794977519,0.49594649719795647,0.5047668567422962,121,1,1,0,0.0,1,1,0,0,0.0,0.0,0.0,0.0,0.0,0.0,0.0,0.0,0,0,,nan,nan,0,0.0,0,0,0,1,1,0,0,1,strong,random-feature,structured random-feature control,0.13029411764705884,0.3614364115831765,0.30000000000000004,FAILED_COLLAPSE
random_projection,11,120,0.11347787060570086,0.4940979524992841,0.5047668567422962,144,1,1,0,0.0,1,1,0,0,0.0,0.0,0.0,0.0,0.0,0.0,0.0,0.0,0,0,,nan,nan,0,0.0,0,0,0,1,1,0,0,1,strong,random-feature,structured random-feature control,0.13029411764705884,0.3614364115831765,0.30000000000000004,FAILED_COLLAPSE
random_projection,12,120,0.11805058195094317,0.49735159452808814,0.5047668567422962,127,1,1,0,0.0,1,1,0,0,0.0,0.0,0.0,0.0,0.0,0.0,0.0,0.0,0,0,,nan,nan,0,0.0,0,0,0,1,1,0,0,1,strong,random-feature,structured random-feature control,0.13029411764705884,0.3614364115831765,0.30000000000000004,FAILED_COLLAPSE
random_projection,13,120,0.10512099165829819,0.49599888790748903,0.5047668567422962,137,1,1,0,0.0,1,1,0,0,0.0,0.0,0.0,0.0,0.0,0.0,0.0,0.0,0,0,,nan,nan,0,0.0,0,0,0,1,1,0,0,1,strong,random-feature,structured random-feature control,0.13029411764705884,0.3614364115831765,0.30000000000000004,FAILED_COLLAPSE
random_projection,14,120,0.11451351820203493,0.49444102722795086,0.5047668567422962,138,1,1,0,0.0,1,1,0,0,0.0,0.0,0.0,0.0,0.0,0.0,0.0,0.0,0,0,,nan,nan,0,0.0,0,0,0,1,1,0,0,1,strong,random-feature,structured random-feature control,0.13029411764705884,0.3614364115831765,0.30000000000000004,FAILED_COLLAPSE
random_projection,15,120,0.11742717073292021,0.4949870908857079,0.5047668567422962,130,1,1,0,0.0,1,1,0,0,0.0,0.0,0.0,0.0,0.0,0.0,0.0,0.0,0,0,,nan,nan,0,0.0,0,0,0,1,1,0,0,1,strong,random-feature,structured random-feature control,0.13029411764705884,0.3614364115831765,0.30000000000000004,FAILED_COLLAPSE
random_projection,16,120,0.11038953368175801,0.4962055752922434,0.5047668567422962,127,1,1,0,0.0,1,1,0,0,0.0,0.0,0.0,0.0,0.0,0.0,0.0,0.0,0,0,,nan,nan,0,0.0,0,0,0,1,1,0,0,1,strong,random-feature,structured random-feature control,0.13029411764705884,0.3614364115831765,0.30000000000000004,FAILED_COLLAPSE
random_projection,17,120,0.10894228225717796,0.49747271030433204,0.5047668567422962,111,1,1,0,0.0,1,1,0,0,0.0,0.0,0.0,0.0,0.0,0.0,0.0,0.0,0,0,,nan,nan,0,0.0,0,0,0,1,1,0,0,1,strong,random-feature,structured random-feature control,0.13029411764705884,0.3614364115831765,0.30000000000000004,FAILED_COLLAPSE
random_projection,18,120,0.11758941647839845,0.4951368634319362,0.5037802859693944,144,1,1,0,0.0,1,1,0,0,0.0,0.0,0.0,0.0,0.0,0.0,0.0,0.0,0,0,,nan,nan,0,0.0,0,0,0,1,1,0,0,1,strong,random-feature,structured random-feature control,0.13029411764705884,0.3614364115831765,0.30000000000000004,FAILED_COLLAPSE
random_projection,19,120,0.1179071708354946,0.49627888505314516,0.5047668567422962,121,1,1,0,0.0,1,1,0,0,0.0,0.0,0.0,0.0,0.0,0.0,0.0,0.0,0,0,,nan,nan,0,0.0,0,0,0,1,1,0,0,1,strong,random-feature,structured random-feature control,0.13029411764705884,0.3614364115831765,0.30000000000000004,FAILED_COLLAPSE
random_hash,0,120,0.12240048832452835,0.5047668567422962,0.5047668567422962,3,3,3,2,0.6666666666666666,1,3,1.3333333333333333,2,0.4714045207910317,0.5150250809577605,0.3862688107183203,1.000235437696763,1.3336472502623506,2.000470875393526,0.7825667106993578,0.0,0,1,1.0,nan,nan,0,0.0,0,0,0,0,1,0,0,1,strong,random-hash,pure null model,0.4107703081232493,0.37001438625373684,0.2,FAILED_OVERCONNECTED
random_hash,1,120,0.1242363702064741,0.5047668567422962,0.5047668567422962,3,3,3,2,0.6666666666666666,1,3,1.3333333333333333,2,0.4714045207910317,0.5070156641304493,0.38026174809783697,1.0175516836416212,1.3567355781888282,2.0351033672832424,0.7692452858508723,0.0,0,1,1.0,nan,nan,0,0.0,0,0,0,0,1,0,0,1,strong,random-hash,pure null model,0.4107703081232493,0.37001438625373684,0.2,FAILED_OVERCONNECTED
random_hash,2,120,0.12322437889312453,0.5047668567422962,0.5047668567422962,3,3,3,2,0.6666666666666666,1,3,1.3333333333333333,2,0.4714045207910317,0.49848951073363423,0.3738671330502257,1.0363536886761835,1.3818049182349113,2.072707377352367,0.7552879443608651,0.0,0,1,1.0,nan,nan,0,0.0,0,0,0,0,1,0,0,1,strong,random-hash,pure null model,0.4107703081232493,0.37001438625373684,0.2,FAILED_OVERCONNECTED
random_hash,3,120,0.12265173296189835,0.5047668567422962,0.5047668567422962,3,3,3,2,0.6666666666666666,1,3,1.3333333333333333,2,0.4714045207910317,0.5072740324152013,0.38045552431140095,1.0169879381848181,1.3559839175797574,2.0339758763696363,0.7696717895671448,0.0,0,1,1.0,nan,nan,0,0.0,0,0,0,0,1,0,0,1,strong,random-hash,pure null model,0.4107703081232493,0.37001438625373684,0.2,FAILED_OVERCONNECTED
random_hash,4,120,0.1278332578560176,0.5047668567422962,0.5047668567422962,3,3,3,2,0.6666666666666666,1,3,1.3333333333333333,2,0.4714045207910317,0.49389055526504916,0.37041791644878685,1.0466590450869078,1.3955453934492104,2.0933180901738155,0.7478519444683548,0.0,0,1,1.0,nan,nan,0,0.0,0,0,0,0,1,0,0,1,strong,random-hash,pure null model,0.4107703081232493,0.37001438625373684,0.2,FAILED_OVERCONNECTED
random_hash,5,120,0.12163843244388148,0.5047668567422962,0.5047668567422962,3,3,3,2,0.6666666666666666,1,3,1.3333333333333333,2,0.4714045207910317,0.5029851188883185,0.3772388391662389,1.0263915490579805,1.3685220654106407,2.052783098115961,0.7626190915534319,0.0,0,1,1.0,nan,nan,0,0.0,0,0,0,0,1,0,0,1,strong,random-hash,pure null model,0.4107703081232493,0.37001438625373684,0.2,FAILED_OVERCONNECTED
random_hash,6,120,0.12446365746944732,0.5047668567422962,0.5047668567422962,3,3,3,2,0.6666666666666666,1,3,1.3333333333333333,2,0.4714045207910317,0.5020549930632114,0.3765412447974086,1.028443755081683,1.3712583401089105,2.056887510163366,0.7610971862855254,0.0,0,1,1.0,nan,nan,0,0.0,0,0,0,0,1,0,0,1,strong,random-hash,pure null model,0.4107703081232493,0.37001438625373684,0.2,FAILED_OVERCONNECTED
random_hash,7,120,0.12146822176590126,0.5047668567422962,0.5047668567422962,3,3,3,2,0.6666666666666666,1,3,1.3333333333333333,2,0.4714045207910317,0.5004531096977493,0.3753398322733119,1.0319889896537429,1.3759853195383238,2.0639779793074857,0.7584824042683082,0.0,0,1,1.0,nan,nan,0,0.0,0,0,0,0,1,0,0,1,strong,random-hash,pure null model,0.4107703081232493,0.37001438625373684,0.2,FAILED_OVERCONNECTED
random_hash,8,120,0.10860829332020618,0.5047668567422962,0.5047668567422962,3,3,3,2,0.6666666666666666,1,3,1.3333333333333333,2,0.4714045207910317,0.5017966247784594,0.3763474685838446,1.0290146340690107,1.3720195120920142,2.0580292681380215,0.7606749110722107,0.0,0,1,1.0,nan,nan,0,0.0,0,0,0,0,1,0,0,1,strong,random-hash,pure null model,0.4107703081232493,0.37001438625373684,0.2,FAILED_OVERCONNECTED
random_hash,9,120,0.12848865627201647,0.5047668567422962,0.5047668567422962,3,3,3,2,0.6666666666666666,1,3,1.3333333333333333,2,0.4714045207910317,0.5001430677560469,0.37510730081703514,1.0326767620276645,1.3769023493702193,2.065353524055329,0.7579772306148898,0.0,0,1,1.0,nan,nan,0,0.0,0,0,0,0,1,0,0,1,strong,random-hash,pure null model,0.4107703081232493,0.37001438625373684,0.2,FAILED_OVERCONNECTED
random_hash,10,120,0.1283512186138898,0.5047668567422962,0.5047668567422962,3,3,3,2,0.6666666666666666,1,3,1.3333333333333333,2,0.4714045207910317,0.5021066667201618,0.3765800000401214,1.0283296222239406,1.3711061629652541,2.0566592444478813,0.7611816661408851,0.0,0,1,1.0,nan,nan,0,0.0,0,0,0,0,1,0,0,1,strong,random-hash,pure null model,0.4107703081232493,0.37001438625373684,0.2,FAILED_OVERCONNECTED
random_hash,11,120,0.12085329973674146,0.5047668567422962,0.5047668567422962,3,3,3,2,0.6666666666666666,1,3,1.3333333333333333,2,0.4714045207910317,0.510787841087828,0.38309088081587106,1.009355376580961,1.3458071687746147,2.018710753161922,0.7754934065536128,0.0,0,1,1.0,nan,nan,0,0.0,0,0,0,0,1,0,0,1,strong,random-hash,pure null model,0.4107703081232493,0.37001438625373684,0.2,FAILED_OVERCONNECTED
random_hash,12,120,0.13080118221035902,0.5047668567422962,0.5047668567422962,3,3,3,2,0.6666666666666666,1,3,1.3333333333333333,2,0.4714045207910317,0.510374451832225,0.3827808388741687,1.0102500198668711,1.3470000264891615,2.0205000397337423,0.7748064527662534,0.0,0,1,1.0,nan,nan,0,0.0,0,0,0,0,1,0,0,1,strong,random-hash,pure null model,0.4107703081232493,0.37001438625373684,0.2,FAILED_OVERCONNECTED
random_hash,13,120,0.11834613909438313,0.5047668567422962,0.5047668567422962,3,3,3,2,0.6666666666666666,1,3,1.3333333333333333,2,0.4714045207910317,0.5030367925452689,0.3772775944089517,1.0262776730893504,1.3683702307858006,2.0525553461787007,0.7627037206880252,0.0,0,1,1.0,nan,nan,0,0.0,0,0,0,0,1,0,0,1,strong,random-hash,pure null model,0.4107703081232493,0.37001438625373684,0.2,FAILED_OVERCONNECTED
random_hash,14,120,0.12002998014153149,0.5047668567422962,0.5047668567422962,3,3,3,2,0.6666666666666666,1,3,1.3333333333333333,2,0.4714045207910317,0.5069639904734989,0.3802229928551242,1.0176644745556016,1.3568859660741355,2.035328949111203,0.7691600105360418,0.0,0,1,1.0,nan,nan,0,0.0,0,0,0,0,1,0,0,1,strong,random-hash,pure null model,0.4107703081232493,0.37001438625373684,0.2,FAILED_OVERCONNECTED
random_hash,15,120,0.12338979587820927,0.5047668567422962,0.5047668567422962,3,3,3,2,0.6666666666666666,1,3,1.3333333333333333,2,0.4714045207910317,0.50448365493988,0.37836274120491,1.0230949115553503,1.364126548740467,2.0461898231107005,0.7650767190894423,0.0,0,1,1.0,nan,nan,0,0.0,0,0,0,0,1,0,0,1,strong,random-hash,pure null model,0.4107703081232493,0.37001438625373684,0.2,FAILED_OVERCONNECTED
random_hash,16,120,0.12321665079163142,0.5047668567422962,0.5047668567422962,3,3,3,2,0.6666666666666666,1,3,1.3333333333333333,2,0.4714045207910317,0.49647423811256886,0.37235567858442664,1.0408551389650036,1.387806851953338,2.081710277930007,0.7520216287211153,0.0,0,1,1.0,nan,nan,0,0.0,0,0,0,0,1,0,0,1,strong,random-hash,pure null model,0.4107703081232493,0.37001438625373684,0.2,FAILED_OVERCONNECTED
random_hash,17,120,0.11805084642102338,0.5047668567422962,0.5047668567422962,3,3,3,2,0.6666666666666666,1,3,1.3333333333333333,2,0.4714045207910317,0.5041219393412272,0.3780914545059204,1.023889560217253,1.365186080289671,2.047779120434506,0.7644828559975886,0.0,0,1,1.0,nan,nan,0,0.0,0,0,0,0,1,0,0,1,strong,random-hash,pure null model,0.4107703081232493,0.37001438625373684,0.2,FAILED_OVERCONNECTED
random_hash,18,120,0.11657994515953769,0.5047668567422962,0.5047668567422962,3,3,3,2,0.6666666666666666,1,3,1.3333333333333333,2,0.4714045207910317,0.49652591176951927,0.37239443382713944,1.0407394382399988,1.3876525843199985,2.0814788764799976,0.752105226894333,0.0,0,1,1.0,nan,nan,0,0.0,0,0,0,0,1,0,0,1,strong,random-hash,pure null model,0.4107703081232493,0.37001438625373684,0.2,FAILED_OVERCONNECTED
random_hash,19,120,0.12370706194892414,0.5047668567422962,0.5047668567422962,3,3,3,2,0.6666666666666666,1,3,1.3333333333333333,2,0.4714045207910317,0.5065506012178957,0.3799129509134218,1.0185673043605785,1.358089739147438,2.037134608721157,0.7684781128065414,0.0,0,1,1.0,nan,nan,0,0.0,0,0,0,0,1,0,0,1,strong,random-hash,pure null model,0.4107703081232493,0.37001438625373684,0.2,FAILED_OVERCONNECTED
