j_name,seed,final_states,final_avg_p,track_count,stable_tracks,node_count,edge_count,component_count,largest_component,mean_degree,max_degree,mean_edge_K,mean_edge_d,mean_geodesic_d,max_geodesic_d,final_avg_memory,final_max_memory
metric_exp,0,120,0.09238311596518682,147,32,32,42,6,15,2.625,6,0.395780070214831,0.9778342502615985,2.8522140687996007,7.2407750670632085,0.36018125201567924,0.5047668567422962
metric_exp,1,40,0.04210631759248555,155,31,31,50,4,15,3.225806451612903,6,0.4080322579641818,0.9503947050475521,3.0714642347700196,8.829697097489232,0.36761132757783027,0.5047668567422962
metric_exp,2,120,0.10703638000822338,168,30,30,40,6,11,2.6666666666666665,6,0.4107289776332081,0.9355817648009153,2.1232691011211227,6.494499549398165,0.40038926163704014,0.5047668567422962
metric_exp,3,120,0.07677743488371146,135,29,29,39,8,9,2.689655172413793,6,0.42812132801215413,0.90151939073312,1.3144049602911307,3.103027470415465,0.40701879477578246,0.5047668567422962
metric_exp,4,120,0.10336111061701315,151,29,29,38,6,14,2.6206896551724137,7,0.41042213302361436,0.9332777298523218,2.3908636274346575,5.986291919987991,0.3786627016273522,0.5047668567422962
metric_exp,5,120,0.0977908291684994,154,27,27,26,10,9,1.9259259259259258,5,0.41761585127950956,0.9306054677029844,1.8833080865426746,4.5641486299209335,0.37510804438620604,0.5047668567422962
metric_exp,6,120,0.08561615896322629,153,27,27,25,7,7,1.8518518518518519,5,0.43524271265869424,0.8954403951610886,1.8747693766647109,5.369410968414098,0.3795238783846473,0.5047668567422962
metric_exp,7,120,0.18377306711384914,142,33,33,52,6,18,3.1515151515151514,7,0.37151645603819716,1.0320276508582027,2.835797630641019,7.258124588727813,0.19538165239496597,0.5047668567422962
metric_exp,8,120,0.09835065799525752,144,31,31,48,5,13,3.096774193548387,6,0.40105854999288854,0.9688513708895634,2.2793949854149687,6.036727029984595,0.34416875673091,0.5047668567422962
metric_exp,9,120,0.07712513183387702,173,21,21,14,9,6,1.3333333333333333,3,0.44912641725102853,0.8815183646426435,1.6241300766838471,4.126850607630274,0.43754868726038804,0.5047668567422962
metric_exp,10,120,0.1047412324092615,152,32,32,42,4,16,2.625,5,0.37469589683166715,1.0286791319283974,3.059458752846653,8.288281096762827,0.3457737350367505,0.5047668567422962
metric_exp,11,120,0.10115833121825112,128,34,34,45,10,8,2.6470588235294117,5,0.4683106125446591,0.8458477480805745,1.5849622990361611,4.297506651307785,0.3424037323245275,0.5047668567422962
metric_exp,12,120,0.10738419590011741,142,35,35,49,2,34,2.8,5,0.3881155682802017,1.003724098351374,6.297281313383092,15.371983827316901,0.40353337168844206,0.5047668567422962
metric_exp,13,120,0.11609760017781233,144,29,29,33,9,8,2.2758620689655173,4,0.4099582053868319,0.9414604259280289,1.5538610049635944,4.707936437886057,0.26787378175143284,0.5047668567422962
metric_exp,14,120,0.09228131658652436,162,34,34,59,5,25,3.4705882352941178,7,0.40205162057660626,0.9828943294911731,3.3416954990935053,7.82649069379718,0.3971881950203033,0.5047668567422962
metric_exp,15,120,0.150346945646925,143,33,33,48,6,14,2.909090909090909,6,0.40181290948493903,0.967504024772578,2.6894564918921633,6.164688794126027,0.21344471635346104,0.5047668567422962
metric_exp,16,120,0.09294014776635366,159,34,34,42,8,13,2.4705882352941178,6,0.43613174754953826,0.8770332563155181,2.349025004267628,5.346497353392227,0.28716596912238646,0.5047668567422962
metric_exp,17,120,0.09988915068674217,150,35,35,54,5,28,3.085714285714286,7,0.42240450081521225,0.9161745180849413,4.050915644034901,8.614208514788508,0.39762851962542123,0.5047668567422962
metric_exp,18,120,0.08165216210657708,186,33,33,43,9,15,2.606060606060606,7,0.40455896621040816,0.9493764865050027,2.464018465609901,6.663512787992193,0.40727222822284836,0.5047668567422962
metric_exp,19,120,0.08789092611359166,144,35,35,38,9,15,2.1714285714285713,6,0.40126451411456565,0.9555920415353627,2.1845997082855804,4.866055242533947,0.31819839874642597,0.5047668567422962
metric_exp,20,120,0.1921579577041531,146,32,32,36,7,18,2.25,5,0.38260804715098273,1.0106684669055843,3.583792483124352,8.783235819881975,0.1901298586633262,0.5047668567422962
metric_exp,21,120,0.08177167325344671,151,33,33,39,5,14,2.3636363636363638,5,0.38619816542530383,1.003055030921651,2.6458867414840066,6.692337321569994,0.3935386424714424,0.5047668567422962
metric_exp,22,120,0.10133492365100835,147,32,32,46,6,19,2.875,7,0.3724224855355113,1.020834969163676,3.5386793270152705,8.670160575206554,0.32017455097981123,0.5047668567422962
metric_exp,23,120,0.08370106627221881,177,30,30,39,8,15,2.6,6,0.42858111610062044,0.910542024050518,3.0015873263433535,7.513264829947945,0.38810037812291476,0.5047668567422962
metric_exp,24,120,0.10134719506224205,152,28,28,28,6,15,2,4,0.3859402127927806,0.9855408973592557,3.3375246047197202,9.057029839040913,0.17627506406744403,0.5047668567422962
metric_exp,25,120,0.1143064438520817,159,35,35,59,3,30,3.3714285714285714,7,0.42796636429254903,0.9072015312024122,3.9452398279836096,9.010241447136526,0.36434776525471846,0.5047668567422962
metric_exp,26,39,0.039561369436996556,158,27,27,34,6,9,2.5185185185185186,6,0.3660239356605214,1.0688825563049402,1.849514062573346,4.476619422455402,0.2983845741656739,0.5047668567422962
metric_exp,27,120,0.07415939199013942,155,30,30,30,8,9,2,4,0.40126342204028603,0.950489171093332,2.4309100187594153,7.0462278982302635,0.2581788728278241,0.5047668567422962
metric_exp,28,120,0.1076534264883123,146,26,26,27,5,13,2.076923076923077,4,0.3811134442775187,1.00710624438212,3.182686661442022,8.447392167623788,0.38446991637192207,0.5047668567422962
metric_exp,29,120,0.11199666470117206,177,30,30,35,5,15,2.3333333333333335,4,0.4011449900984559,0.9686566266247036,3.0450645885253604,7.052168098048094,0.34044995048003196,0.5047668567422962
metric_exp,30,120,0.09587727184166857,134,37,37,65,7,11,3.5135135135135136,8,0.4164867032739182,0.9312639443238481,1.734897997879259,5.629079511624097,0.32712450406474763,0.5047668567422962
metric_exp,31,120,0.09071274370530027,169,25,25,23,5,18,1.84,4,0.37129348678226004,1.0325987665765441,6.146932305182278,16.03125093861474,0.41164696731651584,0.5047668567422962
metric_exp,32,120,0.09687831815209923,181,27,27,29,6,17,2.1481481481481484,5,0.357804497250284,1.0654519074792645,3.8456172590551803,10.164389937449524,0.4081514014562231,0.5004131676384612
metric_exp,33,120,0.12273153566579041,158,27,27,24,8,6,1.7777777777777777,3,0.5222919055408651,0.7113171225369869,1.1052058936408262,2.781675847195762,0.2145235501120279,0.5047668567422962
metric_exp,34,120,0.2124827224902717,136,35,35,49,6,16,2.8,7,0.416804651546213,0.936364223975202,2.6820993415490246,6.576979946315481,0.20058870649385233,0.5047668567422962
metric_exp,35,120,0.14322803701404724,146,37,37,53,9,14,2.864864864864865,8,0.4945597121812094,0.7523734107863297,2.011191614658369,5.264435099592097,0.23919396008449764,0.5047668567422962
metric_exp,36,120,0.1037281523432989,147,37,37,58,4,32,3.135135135135135,7,0.4100140789572254,0.9669689829525071,4.892299524781056,14.460281297699815,0.35194911938041507,0.5047668567422962
metric_exp,37,120,0.10918392126948469,158,33,33,54,6,11,3.272727272727273,6,0.3939920454502483,0.9769631005740643,1.6699634917510817,3.754983423077014,0.21702131828675084,0.5047668567422962
metric_exp,38,120,0.11044869880942013,164,30,30,31,6,12,2.066666666666667,4,0.39764923639199523,0.9689428627199154,3.2620318131430808,7.669209895529505,0.3709839679049248,0.5047668567422962
metric_exp,39,40,0.03927507877515514,144,36,36,42,6,15,2.3333333333333335,5,0.41867042043406555,0.9308115863811112,2.73625376032649,6.928742055764346,0.36098684963954797,0.5047668567422962
metric_exp,40,120,0.07879963567045117,207,25,25,29,7,8,2.32,6,0.42370419511810803,0.9190121575225058,1.4294733990939867,3.3979003599339244,0.4226691705131157,0.5047668567422962
metric_exp,41,120,0.09673800060694374,138,31,31,32,6,10,2.064516129032258,4,0.4161614016678616,0.9075371390375652,2.310185324662114,5.304606401405464,0.30037189154280514,0.5047668567422962
metric_exp,42,120,0.08223047160799066,179,29,29,33,6,9,2.2758620689655173,4,0.4468581623765023,0.8766288269643947,1.8880091610881704,5.173246633892484,0.39847599320223415,0.5047668567422962
metric_exp,43,120,0.14882816700419726,138,39,39,47,8,17,2.41025641025641,6,0.39184378131715486,0.9767164710217159,3.195111537541605,8.79041185782195,0.2672115665855857,0.5047668567422962
metric_exp,44,120,0.10945106733258811,162,32,32,39,5,11,2.4375,4,0.42565338039304623,0.8931526771458917,2.665516739742787,7.609173378370764,0.18946169765953944,0.5047668567422962
metric_exp,45,120,0.10526756475488379,153,32,32,45,6,12,2.8125,6,0.3791172017617809,1.0214038191819126,2.020217739900544,4.840085968526717,0.3574354757289206,0.5047668567422962
metric_exp,46,120,0.08843392639104176,170,24,24,18,10,9,1.5,4,0.3931595809878141,0.9734135111520745,2.188698897197816,5.0686600267815525,0.42681768934413405,0.5047668567422962
metric_exp,47,120,0.1390344005138227,155,30,30,43,6,12,2.8666666666666667,5,0.436965699612374,0.8949545553527036,2.1894191698965235,6.188597163807113,0.23523439176949804,0.5047668567422962
metric_exp,48,120,0.08146451517281046,151,29,29,34,6,15,2.3448275862068964,4,0.38145881789537794,0.9976843573525858,2.860497566769085,7.446818023476747,0.3740720172860922,0.5047668567422962
metric_exp,49,120,0.07721100200640743,160,27,27,22,10,5,1.6296296296296295,4,0.3966169219951791,0.9821930123062588,1.481954268388287,3.548865117483434,0.3841676914963692,0.5047668567422962
exp_alpha_0_5,0,120,0.11271995189483085,84,4,4,2,2,2,1,1,0.5453145438440921,0.7726406963528617,0.7726406963528617,1.365367688756918,0.4733498670906744,0.5045902726720848
exp_alpha_0_5,1,120,0.11085805866705208,110,2,2,1,1,2,1,1,0.2952671582901823,1.2198747111472417,1.2198747111472417,1.2198747111472417,0.4696650918082852,0.5027162725805205
exp_alpha_0_5,2,120,0.12037359123778858,96,1,1,0,1,1,0,0,0.0,0.0,0.0,0.0,0.4737519014985948,0.5038356184411806
exp_alpha_0_5,3,120,0.10586493415773209,96,2,2,0,2,1,0,0,0.0,0.0,0.0,0.0,0.4768252312963864,0.503883705064112
exp_alpha_0_5,4,120,0.11255805427201898,97,3,3,2,1,3,1.3333333333333333,2,0.35568863924785504,1.0486289901404942,1.3981719868539924,2.0972579802809883,0.46709620952004166,0.5037802859693944
exp_alpha_0_5,5,120,0.11242819728709756,84,8,8,17,1,8,4.25,6,0.36305524532894984,1.0663126180614497,1.472980333052921,2.6118401637281687,0.47741109448921815,0.5037802859693944
exp_alpha_0_5,6,120,0.12133836849760707,74,6,6,5,2,4,1.6666666666666667,3,0.41833647841104493,0.8999269223014144,1.2322433656062932,2.178054617476051,0.4735043186086446,0.5037802859693944
exp_alpha_0_5,7,120,0.09783158207990941,99,5,5,2,3,2,0.8,1,0.3875204455827289,0.9983453982315902,0.9983453982315902,1.318375767069561,0.45444240128757535,0.49293644101310524
exp_alpha_0_5,8,120,0.13039445473467162,104,6,6,4,2,4,1.3333333333333333,2,0.3784304209348008,0.9978733101049652,1.498054203932556,2.729214447900068,0.46096263056024495,0.5037802859693944
exp_alpha_0_5,9,120,0.10873915563501445,95,3,3,1,2,2,0.6666666666666666,1,0.3245369905872368,1.1253557567699768,1.1253557567699768,1.1253557567699768,0.4667317882948661,0.5042497134612948
exp_alpha_0_5,10,120,0.10583467085728673,76,6,6,6,2,5,2,3,0.3529888317413702,1.0574268084984573,1.4330663546238978,2.399521177684713,0.48320501502735963,0.5038563574491294
exp_alpha_0_5,11,120,0.11745972758291862,114,1,1,0,1,1,0,0,0.0,0.0,0.0,0.0,0.4620550589784735,0.5037802859693944
exp_alpha_0_5,12,120,0.11124731915822443,90,4,4,1,3,2,0.5,1,0.31930429283379075,1.1416107348363038,1.1416107348363038,1.1416107348363038,0.46789837886784513,0.49983884732354456
exp_alpha_0_5,13,120,0.11444985622184779,98,3,3,1,2,2,0.6666666666666666,1,0.3232994603346773,1.1291762634922378,1.1291762634922378,1.1291762634922378,0.4742105705911904,0.5038697362887351
exp_alpha_0_5,14,120,0.11631348456599551,91,5,5,4,1,5,1.6,2,0.3733018918212746,1.0044069849451502,1.9632136583600057,4.017627939780601,0.47675381741487155,0.5037802859693944
exp_alpha_0_5,15,120,0.10075917669040577,77,5,5,6,1,5,2.4,3,0.3682202196685893,1.021474560520671,1.5689029479660526,3.2095616636358533,0.4770143948057709,0.5038563574491294
exp_alpha_0_5,16,120,0.12203208112626754,106,2,2,0,2,1,0,0,0.0,0.0,0.0,0.0,0.4691288387559985,0.5016572205237222
exp_alpha_0_5,17,120,0.10933714930034216,104,3,3,1,2,2,0.6666666666666666,1,0.29254929586045797,1.2291220936540257,1.2291220936540257,1.2291220936540257,0.4728873550737464,0.5037802859693944
exp_alpha_0_5,18,120,0.11651245237966332,94,7,7,9,2,6,2.5714285714285716,4,0.41633635960511867,0.9507253837181001,1.6430309392189113,3.438942965640571,0.47257249879747887,0.5016448090604372
exp_alpha_0_5,19,120,0.13262751110615675,147,4,4,2,2,3,1,2,0.2939317245498958,1.2244338288357839,1.6325784384477118,2.4488676576715678,0.397468444731889,0.474850312935652
exp_alpha_0_5,20,120,0.10794323030350261,89,2,2,0,2,1,0,0,0.0,0.0,0.0,0.0,0.46082982011218176,0.503883705064112
exp_alpha_0_5,21,120,0.13638457376845967,94,8,8,10,2,7,2.5,4,0.38794294867011553,0.9824780849388293,1.7939525521623056,3.8425806920299594,0.47000087806906043,0.49902369310759903
exp_alpha_0_5,22,120,0.1173429709502713,111,5,5,6,1,5,2.4,3,0.32435124251431136,1.1324583081433746,1.5645782809947661,2.5023539764543044,0.4645669038288018,0.5037802859693944
exp_alpha_0_5,23,120,0.10884639634709589,112,4,4,2,2,2,1,1,0.29841728371559517,1.2163219004754087,1.2163219004754087,1.3352843889017971,0.4539843516424446,0.5010238213989545
exp_alpha_0_5,24,120,0.11533756331723714,98,7,7,7,1,7,2,3,0.32921306741309414,1.138618008426322,2.2432920905504474,4.394944390109822,0.4760050541744864,0.503883705064112
exp_alpha_0_5,25,120,0.10749398821495974,105,3,3,1,2,2,0.6666666666666666,1,0.26003961634701267,1.3469212890083915,1.3469212890083915,1.3469212890083915,0.4550818692100815,0.5047668567422962
exp_alpha_0_5,26,120,0.13041352536100886,87,4,4,0,4,1,0,0,0.0,0.0,0.0,0.0,0.46329003502874916,0.5038371278987165
exp_alpha_0_5,27,120,0.13030814666548388,79,4,4,2,2,3,1,2,0.39730617645092453,0.9619575193477874,1.2826100257970499,1.9239150386955748,0.48072108826646226,0.5047668567422962
exp_alpha_0_5,28,120,0.11529233956762971,99,5,5,2,3,3,0.8,2,0.4055990152026978,0.9221959434257488,1.2295945912343318,1.8443918868514977,0.45936994250639074,0.5047668567422962
exp_alpha_0_5,29,120,0.11816652969080914,120,5,5,5,1,5,2,4,0.3128764416410154,1.1778255265107038,1.722896358016112,2.4487726208839176,0.44484980897121595,0.5016448090604372
exp_alpha_0_5,30,120,0.11467983264318113,115,5,5,3,2,4,1.2,2,0.34379338191484915,1.0938453293582902,1.8693263173229295,3.2815359880748702,0.47445792520516833,0.503883705064112
exp_alpha_0_5,31,120,0.11558297327575437,122,4,4,5,1,4,2.5,3,0.40804367600098834,1.0432772069330425,1.1060583262967087,1.4199639231150405,0.44932128297293755,0.5019016710920667
exp_alpha_0_5,32,120,0.11295075475310748,81,5,5,4,1,5,1.6,2,0.3665254162343839,1.0371667535900468,2.1009152264799917,4.148667014360187,0.4895560721336954,0.5037802859693944
exp_alpha_0_5,33,120,0.10799383923012502,105,2,2,0,2,1,0,0,0.0,0.0,0.0,0.0,0.47180312517883166,0.5047668567422962
exp_alpha_0_5,34,120,0.11728772074945927,121,5,5,2,3,2,0.8,1,0.4618671945239611,0.7800687873553311,0.7800687873553311,0.9034391815057694,0.46103385727081886,0.5003694557746148
exp_alpha_0_5,35,120,0.11250841447544829,92,4,4,3,1,4,1.5,2,0.2687579462940259,1.315773569974175,2.200948994824069,3.9473207099225247,0.4801560836800975,0.49861150381763114
exp_alpha_0_5,36,120,0.1283393284193196,120,6,6,6,1,6,2,4,0.30786022061759194,1.1960241305222317,2.2261773008812114,3.998662579015286,0.4626757228005477,0.49466665570727464
exp_alpha_0_5,37,120,0.11765136088798964,82,3,3,1,2,2,0.6666666666666666,1,0.44823723342002275,0.8024326478394107,0.8024326478394107,0.8024326478394107,0.46009324916688965,0.5041957264750021
exp_alpha_0_5,38,120,0.11777883646951666,100,4,4,1,3,2,0.5,1,0.6916738295034662,0.36864077913044424,0.36864077913044424,0.36864077913044424,0.4548397715832259,0.5037802859693944
exp_alpha_0_5,39,120,0.11488965665296771,101,4,4,3,2,3,1.5,2,0.3993339628494876,1.027057007345873,1.027057007345873,1.3763264228070184,0.4698818026040991,0.5044428011003845
exp_alpha_0_5,40,120,0.12310783259672177,100,2,2,0,2,1,0,0,0.0,0.0,0.0,0.0,0.4812407627084195,0.5037802859693944
exp_alpha_0_5,41,120,0.13038048086848583,89,5,5,7,1,5,2.8,3,0.3422038342821286,1.100784274797046,1.320885584803595,2.000934785228714,0.4842227381717436,0.5047668567422962
exp_alpha_0_5,42,120,0.12346077084500581,101,4,4,2,2,3,1,2,0.3279935060248643,1.1191980749187902,1.4922640998917203,2.2383961498375804,0.4677591630521746,0.5037802859693944
exp_alpha_0_5,43,120,0.11495893155521938,84,7,7,8,1,7,2.2857142857142856,3,0.3781601389515075,0.9943682811572074,1.933320166882779,3.9977476817257296,0.4726629204074691,0.4927789648738905
exp_alpha_0_5,44,120,0.11773128487461085,132,4,4,3,2,3,1.5,2,0.3989775797419116,0.9499439243242035,0.9499439243242035,1.3149626741635052,0.44913429330500604,0.49083596986496925
exp_alpha_0_5,45,120,0.14887102508750233,107,3,3,1,2,2,0.6666666666666666,1,0.469324274824029,0.7564613319195965,0.7564613319195965,0.7564613319195965,0.45184292794327985,0.4959447520213065
exp_alpha_0_5,46,120,0.11107539391916302,108,2,2,0,2,1,0,0,0.0,0.0,0.0,0.0,0.4664900418532953,0.5047668567422962
exp_alpha_0_5,47,120,0.12766217849717013,100,5,5,5,1,5,2,3,0.3688900218629554,1.052931659473686,1.8931469302096797,3.2730781862615363,0.4522981108043931,0.4970691656609348
exp_alpha_0_5,48,120,0.11281982386298649,123,8,8,10,1,8,2.5,4,0.3962637617818253,1.0346054164478369,1.9001305948763687,3.432226408880899,0.4569877925362833,0.4917907762164593
exp_alpha_0_5,49,120,0.15195316697199,116,3,3,0,3,1,0,0,0.0,0.0,0.0,0.0,0.4588557300922145,0.4940763009496506
exp_alpha_1_0,0,120,0.09238311596518682,147,32,32,42,6,15,2.625,6,0.395780070214831,0.9778342502615985,2.8522140687996007,7.2407750670632085,0.36018125201567924,0.5047668567422962
exp_alpha_1_0,1,40,0.04210631759248555,155,31,31,50,4,15,3.225806451612903,6,0.4080322579641818,0.9503947050475521,3.0714642347700196,8.829697097489232,0.36761132757783027,0.5047668567422962
exp_alpha_1_0,2,120,0.10703638000822338,168,30,30,40,6,11,2.6666666666666665,6,0.4107289776332081,0.9355817648009153,2.1232691011211227,6.494499549398165,0.40038926163704014,0.5047668567422962
exp_alpha_1_0,3,120,0.07677743488371146,135,29,29,39,8,9,2.689655172413793,6,0.42812132801215413,0.90151939073312,1.3144049602911307,3.103027470415465,0.40701879477578246,0.5047668567422962
exp_alpha_1_0,4,120,0.10336111061701315,151,29,29,38,6,14,2.6206896551724137,7,0.41042213302361436,0.9332777298523218,2.3908636274346575,5.986291919987991,0.3786627016273522,0.5047668567422962
exp_alpha_1_0,5,120,0.0977908291684994,154,27,27,26,10,9,1.9259259259259258,5,0.41761585127950956,0.9306054677029844,1.8833080865426746,4.5641486299209335,0.37510804438620604,0.5047668567422962
exp_alpha_1_0,6,120,0.08561615896322629,153,27,27,25,7,7,1.8518518518518519,5,0.43524271265869424,0.8954403951610886,1.8747693766647109,5.369410968414098,0.3795238783846473,0.5047668567422962
exp_alpha_1_0,7,120,0.18377306711384914,142,33,33,52,6,18,3.1515151515151514,7,0.37151645603819716,1.0320276508582027,2.835797630641019,7.258124588727813,0.19538165239496597,0.5047668567422962
exp_alpha_1_0,8,120,0.09835065799525752,144,31,31,48,5,13,3.096774193548387,6,0.40105854999288854,0.9688513708895634,2.2793949854149687,6.036727029984595,0.34416875673091,0.5047668567422962
exp_alpha_1_0,9,120,0.07712513183387702,173,21,21,14,9,6,1.3333333333333333,3,0.44912641725102853,0.8815183646426435,1.6241300766838471,4.126850607630274,0.43754868726038804,0.5047668567422962
exp_alpha_1_0,10,120,0.1047412324092615,152,32,32,42,4,16,2.625,5,0.37469589683166715,1.0286791319283974,3.059458752846653,8.288281096762827,0.3457737350367505,0.5047668567422962
exp_alpha_1_0,11,120,0.10115833121825112,128,34,34,45,10,8,2.6470588235294117,5,0.4683106125446591,0.8458477480805745,1.5849622990361611,4.297506651307785,0.3424037323245275,0.5047668567422962
exp_alpha_1_0,12,120,0.10738419590011741,142,35,35,49,2,34,2.8,5,0.3881155682802017,1.003724098351374,6.297281313383092,15.371983827316901,0.40353337168844206,0.5047668567422962
exp_alpha_1_0,13,120,0.11609760017781233,144,29,29,33,9,8,2.2758620689655173,4,0.4099582053868319,0.9414604259280289,1.5538610049635944,4.707936437886057,0.26787378175143284,0.5047668567422962
exp_alpha_1_0,14,120,0.09228131658652436,162,34,34,59,5,25,3.4705882352941178,7,0.40205162057660626,0.9828943294911731,3.3416954990935053,7.82649069379718,0.3971881950203033,0.5047668567422962
exp_alpha_1_0,15,120,0.150346945646925,143,33,33,48,6,14,2.909090909090909,6,0.40181290948493903,0.967504024772578,2.6894564918921633,6.164688794126027,0.21344471635346104,0.5047668567422962
exp_alpha_1_0,16,120,0.09294014776635366,159,34,34,42,8,13,2.4705882352941178,6,0.43613174754953826,0.8770332563155181,2.349025004267628,5.346497353392227,0.28716596912238646,0.5047668567422962
exp_alpha_1_0,17,120,0.09988915068674217,150,35,35,54,5,28,3.085714285714286,7,0.42240450081521225,0.9161745180849413,4.050915644034901,8.614208514788508,0.39762851962542123,0.5047668567422962
exp_alpha_1_0,18,120,0.08165216210657708,186,33,33,43,9,15,2.606060606060606,7,0.40455896621040816,0.9493764865050027,2.464018465609901,6.663512787992193,0.40727222822284836,0.5047668567422962
exp_alpha_1_0,19,120,0.08789092611359166,144,35,35,38,9,15,2.1714285714285713,6,0.40126451411456565,0.9555920415353627,2.1845997082855804,4.866055242533947,0.31819839874642597,0.5047668567422962
exp_alpha_1_0,20,120,0.1921579577041531,146,32,32,36,7,18,2.25,5,0.38260804715098273,1.0106684669055843,3.583792483124352,8.783235819881975,0.1901298586633262,0.5047668567422962
exp_alpha_1_0,21,120,0.08177167325344671,151,33,33,39,5,14,2.3636363636363638,5,0.38619816542530383,1.003055030921651,2.6458867414840066,6.692337321569994,0.3935386424714424,0.5047668567422962
exp_alpha_1_0,22,120,0.10133492365100835,147,32,32,46,6,19,2.875,7,0.3724224855355113,1.020834969163676,3.5386793270152705,8.670160575206554,0.32017455097981123,0.5047668567422962
exp_alpha_1_0,23,120,0.08370106627221881,177,30,30,39,8,15,2.6,6,0.42858111610062044,0.910542024050518,3.0015873263433535,7.513264829947945,0.38810037812291476,0.5047668567422962
exp_alpha_1_0,24,120,0.10134719506224205,152,28,28,28,6,15,2,4,0.3859402127927806,0.9855408973592557,3.3375246047197202,9.057029839040913,0.17627506406744403,0.5047668567422962
exp_alpha_1_0,25,120,0.1143064438520817,159,35,35,59,3,30,3.3714285714285714,7,0.42796636429254903,0.9072015312024122,3.9452398279836096,9.010241447136526,0.36434776525471846,0.5047668567422962
exp_alpha_1_0,26,39,0.039561369436996556,158,27,27,34,6,9,2.5185185185185186,6,0.3660239356605214,1.0688825563049402,1.849514062573346,4.476619422455402,0.2983845741656739,0.5047668567422962
exp_alpha_1_0,27,120,0.07415939199013942,155,30,30,30,8,9,2,4,0.40126342204028603,0.950489171093332,2.4309100187594153,7.0462278982302635,0.2581788728278241,0.5047668567422962
exp_alpha_1_0,28,120,0.1076534264883123,146,26,26,27,5,13,2.076923076923077,4,0.3811134442775187,1.00710624438212,3.182686661442022,8.447392167623788,0.38446991637192207,0.5047668567422962
exp_alpha_1_0,29,120,0.11199666470117206,177,30,30,35,5,15,2.3333333333333335,4,0.4011449900984559,0.9686566266247036,3.0450645885253604,7.052168098048094,0.34044995048003196,0.5047668567422962
exp_alpha_1_0,30,120,0.09587727184166857,134,37,37,65,7,11,3.5135135135135136,8,0.4164867032739182,0.9312639443238481,1.734897997879259,5.629079511624097,0.32712450406474763,0.5047668567422962
exp_alpha_1_0,31,120,0.09071274370530027,169,25,25,23,5,18,1.84,4,0.37129348678226004,1.0325987665765441,6.146932305182278,16.03125093861474,0.41164696731651584,0.5047668567422962
exp_alpha_1_0,32,120,0.09687831815209923,181,27,27,29,6,17,2.1481481481481484,5,0.357804497250284,1.0654519074792645,3.8456172590551803,10.164389937449524,0.4081514014562231,0.5004131676384612
exp_alpha_1_0,33,120,0.12273153566579041,158,27,27,24,8,6,1.7777777777777777,3,0.5222919055408651,0.7113171225369869,1.1052058936408262,2.781675847195762,0.2145235501120279,0.5047668567422962
exp_alpha_1_0,34,120,0.2124827224902717,136,35,35,49,6,16,2.8,7,0.416804651546213,0.936364223975202,2.6820993415490246,6.576979946315481,0.20058870649385233,0.5047668567422962
exp_alpha_1_0,35,120,0.14322803701404724,146,37,37,53,9,14,2.864864864864865,8,0.4945597121812094,0.7523734107863297,2.011191614658369,5.264435099592097,0.23919396008449764,0.5047668567422962
exp_alpha_1_0,36,120,0.1037281523432989,147,37,37,58,4,32,3.135135135135135,7,0.4100140789572254,0.9669689829525071,4.892299524781056,14.460281297699815,0.35194911938041507,0.5047668567422962
exp_alpha_1_0,37,120,0.10918392126948469,158,33,33,54,6,11,3.272727272727273,6,0.3939920454502483,0.9769631005740643,1.6699634917510817,3.754983423077014,0.21702131828675084,0.5047668567422962
exp_alpha_1_0,38,120,0.11044869880942013,164,30,30,31,6,12,2.066666666666667,4,0.39764923639199523,0.9689428627199154,3.2620318131430808,7.669209895529505,0.3709839679049248,0.5047668567422962
exp_alpha_1_0,39,40,0.03927507877515514,144,36,36,42,6,15,2.3333333333333335,5,0.41867042043406555,0.9308115863811112,2.73625376032649,6.928742055764346,0.36098684963954797,0.5047668567422962
exp_alpha_1_0,40,120,0.07879963567045117,207,25,25,29,7,8,2.32,6,0.42370419511810803,0.9190121575225058,1.4294733990939867,3.3979003599339244,0.4226691705131157,0.5047668567422962
exp_alpha_1_0,41,120,0.09673800060694374,138,31,31,32,6,10,2.064516129032258,4,0.4161614016678616,0.9075371390375652,2.310185324662114,5.304606401405464,0.30037189154280514,0.5047668567422962
exp_alpha_1_0,42,120,0.08223047160799066,179,29,29,33,6,9,2.2758620689655173,4,0.4468581623765023,0.8766288269643947,1.8880091610881704,5.173246633892484,0.39847599320223415,0.5047668567422962
exp_alpha_1_0,43,120,0.14882816700419726,138,39,39,47,8,17,2.41025641025641,6,0.39184378131715486,0.9767164710217159,3.195111537541605,8.79041185782195,0.2672115665855857,0.5047668567422962
exp_alpha_1_0,44,120,0.10945106733258811,162,32,32,39,5,11,2.4375,4,0.42565338039304623,0.8931526771458917,2.665516739742787,7.609173378370764,0.18946169765953944,0.5047668567422962
exp_alpha_1_0,45,120,0.10526756475488379,153,32,32,45,6,12,2.8125,6,0.3791172017617809,1.0214038191819126,2.020217739900544,4.840085968526717,0.3574354757289206,0.5047668567422962
exp_alpha_1_0,46,120,0.08843392639104176,170,24,24,18,10,9,1.5,4,0.3931595809878141,0.9734135111520745,2.188698897197816,5.0686600267815525,0.42681768934413405,0.5047668567422962
exp_alpha_1_0,47,120,0.1390344005138227,155,30,30,43,6,12,2.8666666666666667,5,0.436965699612374,0.8949545553527036,2.1894191698965235,6.188597163807113,0.23523439176949804,0.5047668567422962
exp_alpha_1_0,48,120,0.08146451517281046,151,29,29,34,6,15,2.3448275862068964,4,0.38145881789537794,0.9976843573525858,2.860497566769085,7.446818023476747,0.3740720172860922,0.5047668567422962
exp_alpha_1_0,49,120,0.07721100200640743,160,27,27,22,10,5,1.6296296296296295,4,0.3966169219951791,0.9821930123062588,1.481954268388287,3.548865117483434,0.3841676914963692,0.5047668567422962
exp_alpha_2_0,0,120,0.059560592529038336,128,22,22,4,18,3,0.36363636363636365,2,0.35247842800748497,1.0495706489818035,1.2974239175844986,2.2888369919952787,0.3110555733258783,0.5047668567422962
exp_alpha_2_0,1,120,0.2004980868280327,44,22,22,3,20,3,0.2727272727272727,2,0.4313430444421721,0.9358636618266254,0.9358636618266254,1.3102617609708032,0.18288718981546095,0.5047668567422962
exp_alpha_2_0,2,120,0.046411748950351446,109,21,21,9,13,4,0.8571428571428571,2,0.42923816337676624,0.9163793946189795,1.33916621925076,3.2514178317322138,0.2082017870225587,0.5047668567422962
exp_alpha_2_0,3,120,0.03550897329864093,358,18,18,10,11,5,1.1111111111111112,4,0.38177515724483446,1.0065657493087907,1.3001344479468546,2.3733040299621844,0.20877015986253433,0.5047668567422962
exp_alpha_2_0,4,120,0.054423627489403575,218,17,17,3,14,3,0.35294117647058826,2,0.4040772050152419,0.9497048082163916,1.2677953055188902,2.2220667974263857,0.3297953051664638,0.5047668567422962
exp_alpha_2_0,5,120,0.055512580040856165,128,25,25,4,21,3,0.32,2,0.39838021603371204,1.0565584528256124,1.3757990956383919,2.6527616668895098,0.3219822377601615,0.5047668567422962
exp_alpha_2_0,6,120,0.06757709571251301,105,24,24,12,15,6,1,5,0.3782030638644786,1.012129801024514,1.5405645272545592,2.657276491938682,0.1969796883066327,0.5047668567422962
exp_alpha_2_0,7,120,0.05140871821826386,127,23,23,5,18,3,0.43478260869565216,2,0.4206710968482957,0.8933163723983057,1.0725128722113515,1.96849537127658,0.31064295411414633,0.5047668567422962
exp_alpha_2_0,8,120,0.043853256435140285,237,22,22,7,16,4,0.6363636363636364,3,0.4027684569605508,0.9511722708608893,1.1945447919613423,2.222181232255866,0.23940659276059503,0.5047668567422962
exp_alpha_2_0,9,120,0.03960957466537077,243,22,22,5,17,3,0.45454545454545453,2,0.4362677769255746,0.9327002510775441,1.0197236951741093,1.4548409156569355,0.21574327592167042,0.5047668567422962
exp_alpha_2_0,10,28,0.03825466012867462,80,29,29,14,16,5,0.9655172413793104,4,0.38866175451435214,0.9690595868543525,1.3155556920946323,2.5156039104819445,0.42954542663557127,0.5047668567422962
exp_alpha_2_0,11,120,0.06306128277732345,65,19,19,2,17,2,0.21052631578947367,1,0.4373453855696143,0.8655134478210235,0.8655134478210235,1.1447178158523361,0.301230213035903,0.5047668567422962
exp_alpha_2_0,12,120,0.04726744586157554,228,19,19,8,13,3,0.8421052631578947,2,0.37482226637884514,1.0073062544062596,1.0073062544062596,1.1732334896671066,0.24518882325435368,0.5047668567422962
exp_alpha_2_0,13,120,0.05111486942717019,254,23,23,4,19,3,0.34782608695652173,2,0.4867433649010783,0.7699993067607565,0.7966924880036126,1.1193175324135414,0.33385918423095395,0.5047668567422962
exp_alpha_2_0,14,120,0.07048428284199867,114,19,19,11,9,5,1.1578947368421053,4,0.4801480101118916,0.7981505802212834,1.2973629199147747,2.6058825503226535,0.2939062857705903,0.5047668567422962
exp_alpha_2_0,15,120,0.04782525224786976,254,16,16,2,14,2,0.25,1,0.33895054548780124,1.0866500931083913,1.0866500931083913,1.1841852135532198,0.3135046998322351,0.5047668567422962
exp_alpha_2_0,16,120,0.04479644633336977,306,14,14,2,12,3,0.2857142857142857,2,0.3648373404126526,1.0083036674329282,1.344404889910571,2.0166073348658564,0.2416969756103861,0.5047668567422962
exp_alpha_2_0,17,120,0.050178903598773035,214,24,24,12,14,5,1,3,0.3655728355215116,1.036591533156382,1.577813565596636,3.752060683749896,0.33840581201325404,0.5047668567422962
exp_alpha_2_0,18,120,0.05172895905456741,213,24,24,17,13,5,1.4166666666666667,4,0.3649189902682351,1.038545852458569,1.1876138021291038,2.767996267269245,0.32349866676045574,0.5047668567422962
exp_alpha_2_0,19,120,0.10178034570177202,83,19,19,2,17,2,0.21052631578947367,1,0.3415121660547523,1.0886580742936043,1.0886580742936043,1.2580939580926733,0.23904857123329645,0.5047668567422962
exp_alpha_2_0,20,120,0.046123611314054624,169,22,22,6,16,3,0.5454545454545454,2,0.4547141106380855,0.8282728243133989,0.9963827445981367,2.0596927912786347,0.32034519840531817,0.5047668567422962
exp_alpha_2_0,21,21,0.040277286758078214,57,21,21,4,18,3,0.38095238095238093,2,0.5199409744604262,0.6561861283791557,0.6561861283791557,0.7469822565215756,0.44762892108603963,0.5047668567422962
exp_alpha_2_0,22,120,0.058712196536683574,125,24,24,6,19,4,0.5,2,0.33437673268518436,1.1030602171291823,1.352218861322257,2.1750495883236973,0.26178015408031297,0.5047668567422962
exp_alpha_2_0,23,120,0.05379763312684449,175,15,15,0,15,1,0,0,0.0,0.0,0.0,0.0,0.37074426673540783,0.5047668567422962
exp_alpha_2_0,24,120,0.05305624256624875,201,23,23,8,16,4,0.6956521739130435,3,0.35959699471922374,1.0475143096349302,1.293628701856832,2.464079997144853,0.36578539309153213,0.5047668567422962
exp_alpha_2_0,25,120,0.21278189895707245,59,21,21,7,14,3,0.6666666666666666,2,0.35988285797612884,1.0439105992324202,1.2105384602585452,2.3769334874414194,0.1556931686022996,0.5047668567422962
exp_alpha_2_0,26,120,0.055133672067891104,185,24,24,7,18,3,0.5833333333333334,2,0.4021077608543724,0.9450075698127907,1.0343078436538382,1.6594097605411715,0.3211591050589906,0.5047668567422962
exp_alpha_2_0,27,120,0.04545141468522372,194,24,24,6,18,3,0.5,2,0.3969734957418181,0.9890028447499529,1.2536066103559496,2.1528365372081266,0.291657055289819,0.5047668567422962
exp_alpha_2_0,28,120,0.07410234215681295,111,26,26,12,15,3,0.9230769230769231,2,0.4331474928906361,0.8760942297251803,1.0604546257807217,2.2587869127615123,0.2705358628289465,0.5047668567422962
exp_alpha_2_0,29,120,0.04627705102862756,262,22,22,4,18,3,0.36363636363636365,2,0.6165107021509342,0.4938576019797517,0.5355399424105557,0.7022693041337718,0.2887306358770148,0.5047668567422962
exp_alpha_2_0,30,120,0.04146127612484886,314,21,21,5,16,3,0.47619047619047616,2,0.3667576792336645,1.0788775471643297,1.3479840120370827,2.6935163364008474,0.2413399269305903,0.5047668567422962
exp_alpha_2_0,31,120,0.0377543372416342,366,20,20,5,15,3,0.5,2,0.43320229058951915,0.966735830640028,1.2435248869252276,2.627470168351225,0.2019491613944643,0.5047668567422962
exp_alpha_2_0,32,120,0.09854007737536936,92,29,29,17,18,4,1.1724137931034482,3,0.41688613133389724,0.9301385326459294,1.0654169354423502,2.4092668376215682,0.19447938965623748,0.5047668567422962
exp_alpha_2_0,33,120,0.08224545066430514,70,22,22,8,15,4,0.7272727272727273,3,0.4246955839235507,0.920243234086195,1.1173087607696275,2.137115378653983,0.16722332131500126,0.5047668567422962
exp_alpha_2_0,34,120,0.032897221088829025,341,22,22,4,18,4,0.36363636363636365,2,0.40707101511008803,0.9553064236797112,1.6485780128358347,3.2318455613271677,0.21334905413369548,0.5047668567422962
exp_alpha_2_0,35,120,0.060825355779263304,113,22,22,8,14,4,0.7272727272727273,3,0.29341715795794304,1.2316065316595401,1.649345905044351,2.700718723987655,0.27884194184229605,0.5047668567422962
exp_alpha_2_0,36,120,0.06680365009102081,120,24,24,10,15,4,0.8333333333333334,3,0.4709935311596121,0.8297875797623265,1.1039187442847025,2.2228291604176045,0.24863559638357444,0.5047668567422962
exp_alpha_2_0,37,26,0.03735662942238878,71,28,28,12,20,6,0.8571428571428571,4,0.3853263186667797,1.025101644752804,1.4557959122349688,2.6191416720383227,0.4187133095327337,0.5047668567422962
exp_alpha_2_0,38,120,0.06214495914774591,115,25,25,9,18,3,0.72,2,0.5299590002525766,0.7343095561047605,0.7343095561047605,1.3279622815361316,0.31619099594305655,0.5047668567422962
exp_alpha_2_0,39,120,0.056675635976849256,145,21,21,14,11,6,1.3333333333333333,3,0.42690712869913544,0.9674652439507904,1.978561367863858,5.1936851888152535,0.3058040169803855,0.5047668567422962
exp_alpha_2_0,40,120,0.06148083018899534,117,26,26,7,19,4,0.5384615384615384,3,0.3070311968338845,1.2008778567181966,1.8154834159250772,2.698792226638096,0.2843168225017732,0.5047668567422962
exp_alpha_2_0,41,30,0.03896273700517921,89,32,32,15,21,4,0.9375,3,0.3583104134099599,1.068295357229598,1.2765391711744971,2.638704425160981,0.43716905111027543,0.5047668567422962
exp_alpha_2_0,42,120,0.06490273340931842,136,22,22,3,19,2,0.2727272727272727,1,0.3122184087866857,1.1729862694942403,1.1729862694942403,1.3313383504905798,0.30419379004291247,0.5047668567422962
exp_alpha_2_0,43,120,0.04786410300851084,199,23,23,8,16,3,0.6956521739130435,2,0.40961180257726804,0.918907762277462,0.918907762277462,1.2652660918287,0.2999295851161609,0.5047668567422962
exp_alpha_2_0,44,17,0.03917866321064758,55,20,20,2,18,2,0.2,1,0.34949814438807475,1.068067853146362,1.068067853146362,1.2519441087004157,0.44296496345704645,0.5047668567422962
exp_alpha_2_0,45,21,0.038739997696961036,48,23,23,5,18,2,0.43478260869565216,1,0.4313496209532095,0.9326382780303997,0.9326382780303997,1.35244171514789,0.441494142457695,0.5047668567422962
exp_alpha_2_0,46,120,0.05577172594616427,183,25,25,16,13,5,1.28,3,0.5677137344932438,0.6335726748840316,1.0953746598452143,3.1855717730086788,0.27658078659011753,0.5047668567422962
exp_alpha_2_0,47,20,0.03660903872566417,65,20,20,7,14,4,0.7,3,0.349327831841083,1.1313315453134165,1.520057522332712,2.759944004657509,0.4093859188897839,0.5047668567422962
exp_alpha_2_0,48,120,0.07467306352004277,82,16,16,4,12,3,0.5,2,0.46501811509991975,0.80648877112889,1.0753183615051864,2.0822007144009698,0.3274265453902981,0.5047668567422962
exp_alpha_2_0,49,120,0.0536906829146397,176,22,22,4,18,3,0.36363636363636365,2,0.4549714218597291,0.8437507872439813,0.9966267384496919,1.6081305432725337,0.33599844578945837,0.5047668567422962
rational_p1,0,120,0.10472465905070244,161,18,18,58,1,18,6.444444444444445,8,0.34084174551069013,1.1021682627785738,1.913547255924923,3.7095795904310265,0.4283784991662569,0.5047668567422962
rational_p1,1,120,0.11523211794470183,151,17,17,62,1,17,7.294117647058823,10,0.3437735365444733,1.0992192987502993,1.7563380616472175,3.288332189372664,0.44862771623966324,0.5047668567422962
rational_p1,2,120,0.10742852396102974,141,21,21,106,1,21,10.095238095238095,17,0.33905813170096605,1.112135412427835,1.6636493234005205,3.2874629956009733,0.4505762053501664,0.5047668567422962
rational_p1,3,120,0.0925830808633882,150,20,20,99,1,20,9.9,15,0.35797765133223397,1.068163033536048,1.6020237877311008,3.4381578359455034,0.45410938754738844,0.5047668567422962
rational_p1,4,120,0.10392346510028529,175,12,12,32,1,12,5.333333333333333,7,0.3285176511074013,1.1314435374636205,1.8690224444057282,4.29974731709382,0.4406347660928041,0.5039651820600943
rational_p1,5,120,0.11635561912150892,136,15,15,48,1,15,6.4,8,0.37517085798747984,1.0206339647883447,1.799015518246551,3.326416486792774,0.4509148567412328,0.5047668567422962
rational_p1,6,120,0.09414293858395963,160,17,17,62,1,17,7.294117647058823,10,0.350523791428947,1.0846361766967054,1.7345590797556032,3.106897529164959,0.4365909968286498,0.504428528034652
rational_p1,7,120,0.10498654156141471,157,22,22,114,1,22,10.363636363636363,15,0.33823263465468245,1.11166305934278,1.7070026087331676,3.3018586162523356,0.42636325358981997,0.5047668567422962
rational_p1,8,120,0.12255547711876896,167,23,23,129,1,23,11.217391304347826,15,0.3404675939347848,1.1113053280973129,1.6534740132911103,3.1554360070233587,0.441567427443765,0.5047668567422962
rational_p1,9,120,0.0877854817963621,153,14,14,28,1,14,4,7,0.33259015872495945,1.1179932850514096,2.4417656201738085,4.771879828563202,0.4383380168372928,0.5037802859693944
rational_p1,10,120,0.10873964883026473,153,22,22,109,1,22,9.909090909090908,13,0.3421835923696525,1.1045783293146225,1.702525840513176,3.2080538187167855,0.4480234305180697,0.5037802859693944
rational_p1,11,120,0.11691111399410273,163,18,18,66,1,18,7.333333333333333,11,0.3384505140419111,1.1098995498139064,1.7793691197034758,3.258443124533164,0.4473542998383364,0.5047668567422962
rational_p1,12,120,0.09337588754692645,175,20,20,89,1,20,8.9,13,0.34530107970303126,1.087220730302012,1.721671354870966,3.4705482203650853,0.4378187938245815,0.5047668567422962
rational_p1,13,120,0.11417533319801025,151,22,22,106,1,22,9.636363636363637,13,0.34308287836614193,1.0953022209781844,1.7314676226096124,3.301817976629165,0.42332359849989915,0.5047668567422962
rational_p1,14,120,0.10940271166665139,172,18,18,66,1,18,7.333333333333333,12,0.33380959124746223,1.1265623004280445,1.7820860276293016,3.2073815855883208,0.43710417372469906,0.5047668567422962
rational_p1,15,120,0.10071696333561311,176,19,19,72,1,19,7.578947368421052,11,0.35022578069684185,1.0910624881465218,1.758627864196721,3.1598641125894873,0.4391983830170634,0.5047668567422962
rational_p1,16,120,0.10164179767746719,142,22,22,98,1,22,8.909090909090908,12,0.36099278117044514,1.0548022271180342,1.785817646394454,3.245266662676043,0.44012037782962155,0.5047668567422962
rational_p1,17,120,0.09489347357932175,173,21,21,88,1,21,8.380952380952381,11,0.3345943811144212,1.1194702203439695,1.7750831390030684,3.153339282382312,0.4360486887741824,0.5047668567422962
rational_p1,18,120,0.10997502903208231,154,20,20,92,1,20,9.2,15,0.33667530424683073,1.125288488863028,1.6752266557732498,3.113852963214711,0.4496633695599148,0.5044598679096758
rational_p1,19,120,0.11262981062081241,154,29,29,171,1,29,11.793103448275861,16,0.3704543297096421,1.0340264313978311,1.757236291138979,3.197427004302925,0.41930616391376696,0.5047668567422962
rational_p1,20,120,0.10489792864068734,171,20,20,97,1,20,9.7,14,0.3427114055841203,1.121488562787979,1.689319381306152,3.3411147356740187,0.44406019803688423,0.5047668567422962
rational_p1,21,120,0.12056148310630237,186,25,25,144,1,25,11.52,16,0.35159316752905034,1.076355250287001,1.715579543336021,3.303543879964553,0.4278029299147689,0.4981288903806546
rational_p1,22,120,0.10572696486362278,154,21,21,93,1,21,8.857142857142858,12,0.3551923323148968,1.0749414843526839,1.7266709023365296,3.168461819815679,0.4533152577971481,0.5047668567422962
rational_p1,23,120,0.12364811291269376,161,24,24,117,1,24,9.75,14,0.3502475787371805,1.0841241808329816,1.749097018755949,3.1554870731933233,0.4125787012194431,0.5047668567422962
rational_p1,24,120,0.10786224475285197,155,21,21,102,1,21,9.714285714285714,17,0.35438522795383454,1.071969180353007,1.6765805454716327,3.456969338329546,0.44418617757373785,0.5011401389666361
rational_p1,25,120,0.12010563457430963,169,23,23,112,1,23,9.73913043478261,15,0.3401116399539182,1.1077070650602048,1.7309172346233386,3.055099479300148,0.41671505213514476,0.5047668567422962
rational_p1,26,120,0.10865603000218202,130,15,15,39,1,15,5.2,7,0.3829687494058821,1.0115939236512204,1.9062123489767024,3.4447048019443725,0.45945929722784784,0.5047668567422962
rational_p1,27,120,0.12138736965760909,152,30,30,195,1,30,13,18,0.34777666706295074,1.0884154490794193,1.7052636900285278,3.23133314994561,0.4004690623962901,0.5047668567422962
rational_p1,28,120,0.09523318460115396,173,18,18,70,1,18,7.777777777777778,13,0.3436274775501155,1.105300010300089,1.7623420004154167,3.825341951693553,0.4380820481878605,0.5047668567422962
rational_p1,29,120,0.11228200999454149,150,19,19,97,1,19,10.210526315789474,13,0.36572911520076956,1.0714415874669097,1.5847653581744805,3.328418667486352,0.42638815070029723,0.5047668567422962
rational_p1,30,120,0.09858761777667259,168,19,19,73,1,19,7.684210526315789,12,0.35379578080797724,1.07214482483343,1.7873592229357946,3.5058705751682537,0.43617927428308495,0.5047668567422962
rational_p1,31,120,0.12237695573825147,152,18,18,66,1,18,7.333333333333333,10,0.3409016531912151,1.1008981823770425,1.8197615700591951,3.3658113361345436,0.4337758673304392,0.5047668567422962
rational_p1,32,120,0.11678403701469346,169,15,15,49,1,15,6.533333333333333,10,0.32564936514928355,1.147665413731408,1.7969010938899823,3.513392163729155,0.4193839252799099,0.5047668567422962
rational_p1,33,120,0.11785681448661234,149,19,19,85,1,19,8.947368421052632,12,0.34596153924263223,1.1007978331740023,1.6624130548580183,3.349833218713142,0.44683334030228433,0.5047668567422962
rational_p1,34,120,0.11969963580285058,153,23,23,118,1,23,10.26086956521739,14,0.3394354698702072,1.1182726700939618,1.7005576938075986,3.246154698174599,0.4242250495734019,0.5047668567422962
rational_p1,35,120,0.12011500006463786,149,26,26,153,1,26,11.76923076923077,17,0.3552322530444182,1.0762845973600854,1.7170317358340537,3.256329179963337,0.4309220492121669,0.5047668567422962
rational_p1,36,120,0.11151572190070375,161,25,25,147,1,25,11.76,16,0.3608465460947983,1.0589183522521135,1.6397589148705816,3.2900927879361435,0.4375266866535284,0.5047668567422962
rational_p1,37,120,0.10185659866090688,168,23,23,123,1,23,10.695652173913043,17,0.3515915507552368,1.0804181991375452,1.6547945619138227,3.1940161904174107,0.4355104231905457,0.5047668567422962
rational_p1,38,120,0.11291027557364147,159,21,21,97,1,21,9.238095238095237,13,0.32888819397987945,1.140103187217667,1.7411908100431703,3.1832500157532033,0.44011675825978397,0.5047668567422962
rational_p1,39,120,0.10193382344503181,155,19,19,75,1,19,7.894736842105263,11,0.33258506891136264,1.1219762666373825,1.7779731585450567,3.318706139440856,0.4430504101090839,0.4938633075784021
rational_p1,40,120,0.10877924632882904,153,17,17,60,1,17,7.0588235294117645,10,0.3551465468727092,1.0721741644194214,1.7358816798931163,3.2674619037756933,0.4490829921635277,0.5047668567422962
rational_p1,41,120,0.11031138684564619,176,19,19,88,1,19,9.263157894736842,12,0.3337156730071242,1.12200106913213,1.6746207920101295,3.2499968596161666,0.4367277285035325,0.5047668567422962
rational_p1,42,120,0.11128897038538844,171,19,19,76,1,19,8,14,0.3544106461874682,1.0760859848036877,1.7384358996470322,3.2563543778358,0.4200210889169544,0.5047668567422962
rational_p1,43,120,0.10272414973092968,159,23,23,114,1,23,9.91304347826087,13,0.3268334570751413,1.1479889979152809,1.7551176834481972,3.2783688918310734,0.426372596490429,0.5047668567422962
rational_p1,44,120,0.12283483340985729,143,25,25,123,1,25,9.84,14,0.360272793198158,1.057933240211056,1.770492984648158,3.239892724053824,0.42421133138049794,0.5047668567422962
rational_p1,45,120,0.1269197514640305,166,18,18,69,1,18,7.666666666666667,10,0.3255262984741087,1.149661106673017,1.7571887088637725,3.230400156430139,0.4299587915399665,0.5047668567422962
rational_p1,46,120,0.12067727408788166,157,17,17,59,1,17,6.9411764705882355,10,0.3165232404742437,1.1660968807273497,1.8260535754238048,3.3321617884136434,0.42738148762953193,0.5047668567422962
rational_p1,47,120,0.11085388666059569,169,15,15,50,1,15,6.666666666666667,10,0.34471123830997663,1.0989831968103092,1.7651607672089191,3.3996281392032617,0.3947333012381215,0.461752974759195
rational_p1,48,120,0.10547314624273976,170,19,19,80,1,19,8.421052631578947,13,0.3251425117512388,1.1558869461915897,1.7279654670554143,2.9356681125491066,0.42949885658321213,0.5047668567422962
rational_p1,49,120,0.12001420895700997,154,23,23,124,1,23,10.782608695652174,15,0.33920278994576136,1.1058808042601018,1.6691761902154802,3.1883857461673184,0.4259573166152249,0.5047668567422962
rational_p2,0,120,0.10361935115470941,158,12,12,13,4,5,2.1666666666666665,4,0.36535266666424326,1.0167225135769016,1.5874977879200973,4.352675074805189,0.4206390143819329,0.500516586733179
rational_p2,1,120,0.118268112587554,128,13,13,11,5,5,1.6923076923076923,4,0.5120330658779102,0.7659033015142148,1.207672672410765,2.5922203874553134,0.44803428593472766,0.500474723551478
rational_p2,2,120,0.09893892800047391,117,13,13,8,6,5,1.2307692307692308,4,0.4617955684868674,0.842005382606601,1.2696209714872526,2.207907309664169,0.4631590179957141,0.5037802859693944
rational_p2,3,120,0.09873306754950494,125,10,10,5,5,5,1,2,0.40921426695441415,0.9481785248738234,1.7143568690916196,3.5476341022951576,0.47284829631767655,0.5037802859693944
rational_p2,4,120,0.10170008342343251,133,11,11,6,7,5,1.0909090909090908,4,0.512317070473957,0.7043241886334336,1.0359383857598998,1.7685424649517167,0.46114187669417767,0.5037802859693944
rational_p2,5,120,0.10737123605783429,112,6,6,3,4,3,1,2,0.4706730410950428,0.7958352852691485,0.7958352852691485,1.1311411055597476,0.4558836364277406,0.49346971260135136
rational_p2,6,120,0.09896095245509541,145,11,11,8,5,4,1.4545454545454546,3,0.37568233050772876,1.087066312652106,1.365281335457701,2.479246991387587,0.4455756724656616,0.504428528034652
rational_p2,7,120,0.10052914027454955,133,13,13,5,8,3,0.7692307692307693,2,0.3390040262034152,1.1216420495799138,1.4643301230541084,2.7572525072889005,0.4111352016414242,0.5047668567422962
rational_p2,8,120,0.12243501370733582,153,17,17,19,3,14,2.235294117647059,5,0.4689211689575122,0.8265152816182302,3.7408694100749207,9.03743860236094,0.4435370496909235,0.5012898201329045
rational_p2,9,120,0.08742964593477386,122,11,11,14,4,7,2.5454545454545454,5,0.40557378256988386,0.9969459492930439,1.5131137624493702,3.732976742259683,0.4651038541751757,0.503883705064112
rational_p2,10,120,0.10479213775145454,123,11,11,5,7,4,0.9090909090909091,3,0.42317172178664997,0.9070113276035285,1.1869173578777625,2.3084792074344707,0.45230875833397083,0.5047668567422962
rational_p2,11,120,0.09707228736233948,144,14,14,10,7,5,1.4285714285714286,3,0.3691192806897168,1.0277687866031495,1.4540043341311633,3.024388996238147,0.4545920968610208,0.4977820163200594
rational_p2,12,120,0.09952159068496336,148,16,16,14,4,5,1.75,4,0.47676848410187,0.8226077220385268,1.6329188461895179,4.890648640997886,0.4160223089165226,0.477119595873579
rational_p2,13,120,0.1101521043394068,145,10,10,9,4,5,1.8,4,0.2971231805497136,1.224920589113393,1.6144265564465141,2.7398190395579314,0.42374942973919466,0.5047668567422962
rational_p2,14,120,0.10298902525069202,151,15,15,17,4,6,2.2666666666666666,4,0.44416950281710715,0.8753173459762499,1.4731747226211247,4.2220340814130495,0.42711581003921845,0.5047668567422962
rational_p2,15,120,0.10539056221466331,155,14,14,16,5,10,2.2857142857142856,5,0.3736991074197015,1.0319013498091305,2.3883842638010027,5.867288105974774,0.4425412497406518,0.5016566952108443
rational_p2,16,120,0.15848723544481533,168,17,17,14,7,3,1.6470588235294117,2,0.5431727698054811,0.7052128911377354,0.7052128911377354,1.2914333115825711,0.27532745599407094,0.5016448090604372
rational_p2,17,120,0.11136391630293675,137,12,12,10,6,4,1.6666666666666667,3,0.4872141603037159,0.7496330964811122,0.7477189506535895,1.247238207360294,0.4587819769311862,0.5033571813656104
rational_p2,18,120,0.10833242221818777,129,11,11,8,5,5,1.4545454545454546,3,0.5273967177677403,0.7012576365814908,1.13387131146038,2.7560932430854543,0.46068623335462,0.5032498788581069
rational_p2,19,120,0.1373541677124236,160,21,21,36,2,20,3.4285714285714284,7,0.4024864343809845,0.969773470504901,3.345550371394682,8.506934665594667,0.3212415732735071,0.49665584944496033
rational_p2,20,120,0.11238337185153698,146,13,13,11,6,7,1.6923076923076923,5,0.3371294437750238,1.1129982231719588,1.9888569176067887,3.8481572404144915,0.4259841651897523,0.5047668567422962
rational_p2,21,120,0.10539888135181616,150,14,14,11,3,8,1.5714285714285714,2,0.4095300138282044,0.9810874682989834,2.8806818430403824,7.7431245482046736,0.41255962892682824,0.5047668567422962
rational_p2,22,120,0.10300901774684333,132,13,13,8,5,4,1.2307692307692308,2,0.4680594288642453,0.8040332704436355,1.3923560143277898,2.9417602124688527,0.43922752980318536,0.5047668567422962
rational_p2,23,120,0.09806290341863526,160,14,14,13,5,5,1.8571428571428572,4,0.4673685955927401,0.8459308892140637,1.2657526212745336,3.752585943643405,0.4090572628997977,0.46565499641746577
rational_p2,24,120,0.10001470101444698,143,13,13,16,4,8,2.4615384615384617,5,0.4235694994427852,0.9104644188035378,1.6384977858743117,4.107732163047515,0.4580255277445696,0.5022159983581349
rational_p2,25,120,0.12305674234244156,141,14,14,17,4,6,2.4285714285714284,5,0.40923013519094165,0.9652673771040233,1.3163371057046662,2.3537173431923386,0.4169319892065177,0.48387377207743254
rational_p2,26,120,0.1056366127549293,107,11,11,7,6,4,1.2727272727272727,3,0.4107145105698483,0.9065258640574477,1.110129460963656,1.9749702033646717,0.46441853750981693,0.5027923440602556
rational_p2,27,120,0.12522915662831507,143,15,15,14,5,7,1.8666666666666667,4,0.3693302374871786,1.0480422509069356,1.7414342782185532,3.9247657691668802,0.25910284046410365,0.5047668567422962
rational_p2,28,120,0.09973757267089876,137,15,15,12,6,5,1.6,4,0.39868005041367643,0.978081019314583,1.4536564799750806,3.691238999954071,0.4517613460899861,0.5047668567422962
rational_p2,29,120,0.12966152882203383,155,12,12,10,4,5,1.6666666666666667,4,0.37502617457140963,1.0440088984679823,1.9129144623275105,4.800006625511321,0.42586595068228683,0.48900710029571537
rational_p2,30,120,0.09308308330208043,136,15,15,12,5,6,1.6,4,0.4355845561119178,0.8937733721926009,1.7203220934335957,4.111458187997705,0.44572186740029407,0.49690961436555803
rational_p2,31,120,0.1299220326798859,116,13,13,8,7,4,1.2307692307692308,3,0.45046281135570415,0.8490686672179028,1.0137595973314903,1.8783719203795237,0.45501498385175243,0.5047668567422962
rational_p2,32,120,0.10303574047784747,117,9,9,4,5,3,0.8888888888888888,2,0.5181481361976028,0.7028863460776569,0.8704124478186648,1.5405168547826964,0.45627597672564807,0.5047668567422962
rational_p2,33,120,0.10372079823270873,130,16,16,17,5,7,2.125,5,0.3911413943853328,0.9945319695501119,1.6186603835185207,3.5353275585917423,0.44501202996093653,0.4980806182079163
rational_p2,34,120,0.10808412174622345,131,13,13,7,6,5,1.0769230769230769,3,0.4063596154441004,0.9311619760445204,1.5405529330982741,2.6905494042755826,0.42383320797599167,0.5047668567422962
rational_p2,35,120,0.11827992305241172,172,16,16,12,6,7,1.5,3,0.39681220179677074,1.0005269134520227,2.2488835750322833,5.388991378379849,0.41054537250857365,0.5047668567422962
rational_p2,36,120,0.1141599892470107,127,15,15,14,5,7,1.8666666666666667,4,0.40492779234362697,0.9495387121328008,1.7456649878592332,4.380710824474349,0.4446796312683682,0.5047668567422962
rational_p2,37,120,0.10047360782298892,141,15,15,15,4,5,2,4,0.40442506733745803,0.956805025022897,1.541521499906642,3.7025755413037116,0.44117476592103005,0.48689939105498076
rational_p2,38,120,0.10280787014614044,153,12,12,14,2,11,2.3333333333333335,4,0.4018188763071868,0.9871485287323529,3.3132268289944515,7.964959029191203,0.42899526315962044,0.5017681299740512
rational_p2,39,120,0.10849822198755414,133,16,16,25,4,11,3.125,7,0.4278443753219772,0.8954183171226257,1.8622210145703508,4.303263138126624,0.45540917048203927,0.4952779499597703
rational_p2,40,120,0.10125073549032641,136,15,15,14,6,5,1.8666666666666667,4,0.5905384739171216,0.5837848443784781,0.685273892150981,1.27829276163614,0.46641794626028354,0.5047668567422962
rational_p2,41,120,0.12979515957083515,170,11,11,6,6,4,1.0909090909090908,3,0.4262389168215548,0.8908371383613803,1.1080001527102468,1.760052603498336,0.41385497383515035,0.4911575725491804
rational_p2,42,120,0.11331464790848075,142,16,16,13,4,12,1.625,3,0.3878259481460645,0.9960974993790396,3.9076378726907475,8.647471927496778,0.4606059247068322,0.5044387634027997
rational_p2,43,120,0.10562919396309858,134,18,18,16,6,6,1.7777777777777777,5,0.4331460514429602,0.9193955393766344,1.4655917801038663,2.7331772495250712,0.39239505752805304,0.49318287852170833
rational_p2,44,120,0.10939413677667939,142,14,14,9,6,4,1.2857142857142858,2,0.43786173273968787,0.8869290783158135,1.2729513803665609,3.3838015906265055,0.4257866301977771,0.5047668567422962
rational_p2,45,120,0.12106239951303006,162,14,14,11,7,8,1.5714285714285714,6,0.3555095618258049,1.0802133030776346,1.9660199037593848,3.217695828618787,0.4203280994959198,0.48276836759458663
rational_p2,46,120,0.11706575999022271,149,14,14,12,4,7,1.7142857142857142,4,0.39137112131522817,0.9917039841632761,2.080690925376082,4.830293862306101,0.34528257372002175,0.5047668567422962
rational_p2,47,120,0.11351151575803674,175,11,11,15,2,9,2.727272727272727,5,0.362424127109449,1.038122080688179,2.0300563962192197,4.750585976315837,0.350030953632874,0.4787880843706873
rational_p2,48,120,0.10571004775555864,132,16,16,12,6,5,1.5,3,0.41434383244250983,0.9195765762499923,1.4926586527192423,2.8717885611490086,0.4381667267464592,0.5047668567422962
rational_p2,49,120,0.09365335174365938,143,15,15,17,4,9,2.2666666666666666,6,0.44739887223120467,0.8742995907479448,1.6668308606123636,4.029753852441719,0.4338866699238913,0.500675022810863
linear_cutoff_0_20,0,120,0.15410680389446132,1,1,1,0,1,1,0,0,0.0,0.0,0.0,0.0,0.5047668567422962,0.5047668567422962
linear_cutoff_0_20,1,120,0.14281554713682715,1,1,1,0,1,1,0,0,0.0,0.0,0.0,0.0,0.5047668567422962,0.5047668567422962
linear_cutoff_0_20,2,120,0.14165440920828057,1,1,1,0,1,1,0,0,0.0,0.0,0.0,0.0,0.5047668567422962,0.5047668567422962
linear_cutoff_0_20,3,120,0.13973688444920634,1,1,1,0,1,1,0,0,0.0,0.0,0.0,0.0,0.5047668567422962,0.5047668567422962
linear_cutoff_0_20,4,120,0.14984052102730536,1,1,1,0,1,1,0,0,0.0,0.0,0.0,0.0,0.5047668567422962,0.5047668567422962
linear_cutoff_0_20,5,120,0.14097578697707883,1,1,1,0,1,1,0,0,0.0,0.0,0.0,0.0,0.5047668567422962,0.5047668567422962
linear_cutoff_0_20,6,120,0.13224237298084227,1,1,1,0,1,1,0,0,0.0,0.0,0.0,0.0,0.5047668567422962,0.5047668567422962
linear_cutoff_0_20,7,120,0.13569775875158877,1,1,1,0,1,1,0,0,0.0,0.0,0.0,0.0,0.5047668567422962,0.5047668567422962
linear_cutoff_0_20,8,120,0.12599872080628566,1,1,1,0,1,1,0,0,0.0,0.0,0.0,0.0,0.5047668567422962,0.5047668567422962
linear_cutoff_0_20,9,120,0.13729151045606286,1,1,1,0,1,1,0,0,0.0,0.0,0.0,0.0,0.5047668567422962,0.5047668567422962
linear_cutoff_0_20,10,120,0.1484425783364679,1,1,1,0,1,1,0,0,0.0,0.0,0.0,0.0,0.5047668567422962,0.5047668567422962
linear_cutoff_0_20,11,120,0.12460849989572162,1,1,1,0,1,1,0,0,0.0,0.0,0.0,0.0,0.5047668567422962,0.5047668567422962
linear_cutoff_0_20,12,120,0.12078294793459195,1,1,1,0,1,1,0,0,0.0,0.0,0.0,0.0,0.5047668567422962,0.5047668567422962
linear_cutoff_0_20,13,120,0.12877523089249507,1,1,1,0,1,1,0,0,0.0,0.0,0.0,0.0,0.5047668567422962,0.5047668567422962
linear_cutoff_0_20,14,120,0.13406900746766837,1,1,1,0,1,1,0,0,0.0,0.0,0.0,0.0,0.5047668567422962,0.5047668567422962
linear_cutoff_0_20,15,120,0.14249289932058157,1,1,1,0,1,1,0,0,0.0,0.0,0.0,0.0,0.5047668567422962,0.5047668567422962
linear_cutoff_0_20,16,120,0.13427417178376339,1,1,1,0,1,1,0,0,0.0,0.0,0.0,0.0,0.5047668567422962,0.5047668567422962
linear_cutoff_0_20,17,120,0.13359953710545977,1,1,1,0,1,1,0,0,0.0,0.0,0.0,0.0,0.5047668567422962,0.5047668567422962
linear_cutoff_0_20,18,120,0.13548324238619364,1,1,1,0,1,1,0,0,0.0,0.0,0.0,0.0,0.5047668567422962,0.5047668567422962
linear_cutoff_0_20,19,120,0.14045294736249356,1,1,1,0,1,1,0,0,0.0,0.0,0.0,0.0,0.5047668567422962,0.5047668567422962
linear_cutoff_0_20,20,120,0.13089745822905677,1,1,1,0,1,1,0,0,0.0,0.0,0.0,0.0,0.5047668567422962,0.5047668567422962
linear_cutoff_0_20,21,120,0.1267055035470307,1,1,1,0,1,1,0,0,0.0,0.0,0.0,0.0,0.5047668567422962,0.5047668567422962
linear_cutoff_0_20,22,120,0.1326216882904832,2,1,1,0,1,1,0,0,0.0,0.0,0.0,0.0,0.5047668567422962,0.5047668567422962
linear_cutoff_0_20,23,120,0.12819288896827258,1,1,1,0,1,1,0,0,0.0,0.0,0.0,0.0,0.5047668567422962,0.5047668567422962
linear_cutoff_0_20,24,120,0.12196542685640538,1,1,1,0,1,1,0,0,0.0,0.0,0.0,0.0,0.5047668567422962,0.5047668567422962
linear_cutoff_0_20,25,120,0.13098685510998087,1,1,1,0,1,1,0,0,0.0,0.0,0.0,0.0,0.5047668567422962,0.5047668567422962
linear_cutoff_0_20,26,120,0.13762199755654053,1,1,1,0,1,1,0,0,0.0,0.0,0.0,0.0,0.5047668567422962,0.5047668567422962
linear_cutoff_0_20,27,120,0.14760265469627848,1,1,1,0,1,1,0,0,0.0,0.0,0.0,0.0,0.5047668567422962,0.5047668567422962
linear_cutoff_0_20,28,120,0.1416685013160009,1,1,1,0,1,1,0,0,0.0,0.0,0.0,0.0,0.5047668567422962,0.5047668567422962
linear_cutoff_0_20,29,120,0.12940044503117168,1,1,1,0,1,1,0,0,0.0,0.0,0.0,0.0,0.5047668567422962,0.5047668567422962
linear_cutoff_0_20,30,120,0.12425821598823178,1,1,1,0,1,1,0,0,0.0,0.0,0.0,0.0,0.5047668567422962,0.5047668567422962
linear_cutoff_0_20,31,120,0.1446549003594411,1,1,1,0,1,1,0,0,0.0,0.0,0.0,0.0,0.5047668567422962,0.5047668567422962
linear_cutoff_0_20,32,120,0.13351256607165485,1,1,1,0,1,1,0,0,0.0,0.0,0.0,0.0,0.5047668567422962,0.5047668567422962
linear_cutoff_0_20,33,120,0.12239056115908191,1,1,1,0,1,1,0,0,0.0,0.0,0.0,0.0,0.5047668567422962,0.5047668567422962
linear_cutoff_0_20,34,120,0.13937536827809033,1,1,1,0,1,1,0,0,0.0,0.0,0.0,0.0,0.5047668567422962,0.5047668567422962
linear_cutoff_0_20,35,120,0.13899565767629307,1,1,1,0,1,1,0,0,0.0,0.0,0.0,0.0,0.5047668567422962,0.5047668567422962
linear_cutoff_0_20,36,120,0.14790964229628503,1,1,1,0,1,1,0,0,0.0,0.0,0.0,0.0,0.5047668567422962,0.5047668567422962
linear_cutoff_0_20,37,120,0.12559495682629027,1,1,1,0,1,1,0,0,0.0,0.0,0.0,0.0,0.5047668567422962,0.5047668567422962
linear_cutoff_0_20,38,120,0.13012959075647176,1,1,1,0,1,1,0,0,0.0,0.0,0.0,0.0,0.5047668567422962,0.5047668567422962
linear_cutoff_0_20,39,120,0.1376959580235436,1,1,1,0,1,1,0,0,0.0,0.0,0.0,0.0,0.5047668567422962,0.5047668567422962
linear_cutoff_0_20,40,120,0.14318756572960586,1,1,1,0,1,1,0,0,0.0,0.0,0.0,0.0,0.5047668567422962,0.5047668567422962
linear_cutoff_0_20,41,120,0.12427941004649368,1,1,1,0,1,1,0,0,0.0,0.0,0.0,0.0,0.5047668567422962,0.5047668567422962
linear_cutoff_0_20,42,120,0.1310735409151251,1,1,1,0,1,1,0,0,0.0,0.0,0.0,0.0,0.5047668567422962,0.5047668567422962
linear_cutoff_0_20,43,120,0.13022447639746312,1,1,1,0,1,1,0,0,0.0,0.0,0.0,0.0,0.5047668567422962,0.5047668567422962
linear_cutoff_0_20,44,120,0.15428116378582163,1,1,1,0,1,1,0,0,0.0,0.0,0.0,0.0,0.5047668567422962,0.5047668567422962
linear_cutoff_0_20,45,120,0.1413317105060486,1,1,1,0,1,1,0,0,0.0,0.0,0.0,0.0,0.5047668567422962,0.5047668567422962
linear_cutoff_0_20,46,120,0.1441288696447041,1,1,1,0,1,1,0,0,0.0,0.0,0.0,0.0,0.5047668567422962,0.5047668567422962
linear_cutoff_0_20,47,120,0.13930281375761197,1,1,1,0,1,1,0,0,0.0,0.0,0.0,0.0,0.5047668567422962,0.5047668567422962
linear_cutoff_0_20,48,120,0.12694586789046483,1,1,1,0,1,1,0,0,0.0,0.0,0.0,0.0,0.5047668567422962,0.5047668567422962
linear_cutoff_0_20,49,120,0.1260099141739656,1,1,1,0,1,1,0,0,0.0,0.0,0.0,0.0,0.5047668567422962,0.5047668567422962
linear_cutoff_0_35,0,120,0.11344574852495719,61,3,3,0,3,1,0,0,0.0,0.0,0.0,0.0,0.48421994907929966,0.5045114985952794
linear_cutoff_0_35,1,120,0.1349949656664182,82,1,1,0,1,1,0,0,0.0,0.0,0.0,0.0,0.4806663072990052,0.5037802859693944
linear_cutoff_0_35,2,120,0.12708271364173288,76,2,2,0,2,1,0,0,0.0,0.0,0.0,0.0,0.4772782661400982,0.5037802859693944
linear_cutoff_0_35,3,120,0.10508971103527204,75,5,5,2,3,3,0.8,2,0.48196051147943164,0.7325785855145501,0.9767714473527336,1.4651571710291003,0.47305926952787225,0.5039450089011093
linear_cutoff_0_35,4,120,0.11116773425916208,75,2,2,0,2,1,0,0,0.0,0.0,0.0,0.0,0.4772741636320252,0.5037802859693944
linear_cutoff_0_35,5,120,0.11323796078200302,73,4,4,0,4,1,0,0,0.0,0.0,0.0,0.0,0.4821168964769578,0.5037802859693944
linear_cutoff_0_35,6,120,0.11633645645085754,65,2,2,0,2,1,0,0,0.0,0.0,0.0,0.0,0.47216739133600755,0.5027162725805205
linear_cutoff_0_35,7,120,0.10320649929081831,80,4,4,1,3,2,0.5,1,0.35385430574074145,1.0388700162688922,1.0388700162688922,1.0388700162688922,0.44639858712731617,0.5006939728559561
linear_cutoff_0_35,8,120,0.12332216298626834,57,3,3,1,2,2,0.6666666666666666,1,0.4309892833190694,0.8416720538764549,0.8416720538764549,0.8416720538764549,0.48065956710501373,0.5037802859693944
linear_cutoff_0_35,9,120,0.10723175008571009,67,1,1,0,1,1,0,0,0.0,0.0,0.0,0.0,0.47854667556218494,0.503883705064112
linear_cutoff_0_35,10,120,0.10499022634825438,69,2,2,0,2,1,0,0,0.0,0.0,0.0,0.0,0.48907348346003326,0.5038076335843764
linear_cutoff_0_35,11,120,0.12604779707107855,66,1,1,0,1,1,0,0,0.0,0.0,0.0,0.0,0.48560856527307933,0.5038563574491294
linear_cutoff_0_35,12,120,0.12958646458663195,82,3,3,1,2,2,0.6666666666666666,1,0.3154679691630957,1.1536981262020243,1.1536981262020243,1.1536981262020243,0.4731310406130961,0.4993292969152481
linear_cutoff_0_35,13,120,0.1238604666820164,69,1,1,0,1,1,0,0,0.0,0.0,0.0,0.0,0.48989987286687653,0.5037802859693944
linear_cutoff_0_35,14,120,0.11775372574446348,71,2,2,0,2,1,0,0,0.0,0.0,0.0,0.0,0.48935753315087804,0.5027162725805205
linear_cutoff_0_35,15,120,0.1111295975690642,69,1,1,0,1,1,0,0,0.0,0.0,0.0,0.0,0.4906598448282648,0.5037802859693944
linear_cutoff_0_35,16,120,0.1285298319816133,85,3,3,0,3,1,0,0,0.0,0.0,0.0,0.0,0.4753623225691328,0.5047668567422962
linear_cutoff_0_35,17,120,0.11539870957368942,96,2,2,0,2,1,0,0,0.0,0.0,0.0,0.0,0.475227136597925,0.5037802859693944
linear_cutoff_0_35,18,120,0.11275073763644614,63,1,1,0,1,1,0,0,0.0,0.0,0.0,0.0,0.48101190140054667,0.5047668567422962
linear_cutoff_0_35,19,120,0.14116659110194577,91,1,1,0,1,1,0,0,0.0,0.0,0.0,0.0,0.43509278331125656,0.47800815631271093
linear_cutoff_0_35,20,120,0.10227944325045561,81,1,1,0,1,1,0,0,0.0,0.0,0.0,0.0,0.4828823535202097,0.5038563574491294
linear_cutoff_0_35,21,120,0.13186940475787173,73,1,1,0,1,1,0,0,0.0,0.0,0.0,0.0,0.48327279631609077,0.4980806182079163
linear_cutoff_0_35,22,120,0.11421507978974085,55,3,3,0,3,1,0,0,0.0,0.0,0.0,0.0,0.4887048195346828,0.5047668567422962
linear_cutoff_0_35,23,120,0.11917885585984472,81,3,3,1,2,2,0.6666666666666666,1,0.5478829186153996,0.6016936670226756,0.6016936670226756,0.6016936670226756,0.47009235217301837,0.500516586733179
linear_cutoff_0_35,24,120,0.11033998858908256,83,2,2,0,2,1,0,0,0.0,0.0,0.0,0.0,0.47071338726432554,0.5027162725805205
linear_cutoff_0_35,25,120,0.11756300112662568,79,1,1,0,1,1,0,0,0.0,0.0,0.0,0.0,0.45953030422147745,0.49538982032807266
linear_cutoff_0_35,26,120,0.13811595820228284,51,4,4,0,4,1,0,0,0.0,0.0,0.0,0.0,0.4838007446895493,0.5037802859693944
linear_cutoff_0_35,27,120,0.1229919735790423,76,1,1,0,1,1,0,0,0.0,0.0,0.0,0.0,0.4790330389679366,0.5037802859693944
linear_cutoff_0_35,28,120,0.11844648911023595,61,3,3,0,3,1,0,0,0.0,0.0,0.0,0.0,0.48992533203240957,0.5016448090604372
linear_cutoff_0_35,29,120,0.11475887291875285,72,3,3,1,2,2,0.6666666666666666,1,0.43841272971152,0.8245945070191596,0.8245945070191596,0.8245945070191596,0.4627872325260603,0.5015687375807022
linear_cutoff_0_35,30,120,0.1158705509687664,78,2,2,0,2,1,0,0,0.0,0.0,0.0,0.0,0.4813936505795946,0.5045902726720848
linear_cutoff_0_35,31,120,0.12304914558218366,88,3,3,1,2,2,0.6666666666666666,1,0.5351940375479822,0.6251259108355898,0.6251259108355898,0.6251259108355898,0.474616530761674,0.5047668567422962
linear_cutoff_0_35,32,120,0.11594288567012109,57,1,1,0,1,1,0,0,0.0,0.0,0.0,0.0,0.4912916817620548,0.5037802859693944
linear_cutoff_0_35,33,120,0.11053770202542,72,4,4,1,3,2,0.5,1,0.8181615291703287,0.2006954934503281,0.2006954934503281,0.2006954934503281,0.48875078972335156,0.5047668567422962
linear_cutoff_0_35,34,120,0.11092658725646909,81,2,2,0,2,1,0,0,0.0,0.0,0.0,0.0,0.46557956102796483,0.49935543111947645
linear_cutoff_0_35,35,120,0.1304655375703184,77,2,2,0,2,1,0,0,0.0,0.0,0.0,0.0,0.4711848970246009,0.4939431150753931
linear_cutoff_0_35,36,120,0.13363073757889657,96,4,4,0,4,1,0,0,0.0,0.0,0.0,0.0,0.4652858014337413,0.4961661237595624
linear_cutoff_0_35,37,120,0.11372367524815305,60,1,1,0,1,1,0,0,0.0,0.0,0.0,0.0,0.49120428038952324,0.5037802859693944
linear_cutoff_0_35,38,120,0.1283946380916409,69,1,1,0,1,1,0,0,0.0,0.0,0.0,0.0,0.4704443062374891,0.5037802859693944
linear_cutoff_0_35,39,120,0.11661430268777533,62,3,3,0,3,1,0,0,0.0,0.0,0.0,0.0,0.490585495001636,0.5037802859693944
linear_cutoff_0_35,40,120,0.11478437607666074,67,2,2,0,2,1,0,0,0.0,0.0,0.0,0.0,0.48738727118358693,0.5039131993784522
linear_cutoff_0_35,41,120,0.12795464303143964,83,3,3,0,3,1,0,0,0.0,0.0,0.0,0.0,0.4751987384393161,0.5019970996600387
linear_cutoff_0_35,42,120,0.12422546048290489,62,2,2,0,2,1,0,0,0.0,0.0,0.0,0.0,0.4788909320570909,0.5038767578495995
linear_cutoff_0_35,43,120,0.12751940164811099,99,1,1,0,1,1,0,0,0.0,0.0,0.0,0.0,0.4594662808665424,0.4891713100180208
linear_cutoff_0_35,44,120,0.11998280488677565,109,1,1,0,1,1,0,0,0.0,0.0,0.0,0.0,0.45526674870611095,0.4896955336734848
linear_cutoff_0_35,45,120,0.15628699579904445,91,1,1,0,1,1,0,0,0.0,0.0,0.0,0.0,0.44966612848652604,0.4859286639277483
linear_cutoff_0_35,46,120,0.11909415627013108,68,1,1,0,1,1,0,0,0.0,0.0,0.0,0.0,0.4729858699256694,0.4891713100180208
linear_cutoff_0_35,47,120,0.13656867711763146,93,2,2,0,2,1,0,0,0.0,0.0,0.0,0.0,0.463861943038902,0.48804040123991915
linear_cutoff_0_35,48,120,0.11932035184882181,91,4,4,0,4,1,0,0,0.0,0.0,0.0,0.0,0.4566448103050129,0.4879691743389904
linear_cutoff_0_35,49,120,0.136777456227769,74,1,1,0,1,1,0,0,0.0,0.0,0.0,0.0,0.4631440476339648,0.480569526529605
gaussian_l2_0_5,0,120,0.1278054545458898,29,1,1,0,1,1,0,0,0.0,0.0,0.0,0.0,0.4999985843803777,0.5047668567422962
gaussian_l2_0_5,1,120,0.13374648499406497,40,1,1,0,1,1,0,0,0.0,0.0,0.0,0.0,0.49720322754544954,0.5041957264750021
gaussian_l2_0_5,2,120,0.1155457438404648,53,1,1,0,1,1,0,0,0.0,0.0,0.0,0.0,0.4947202046643699,0.5037802859693944
gaussian_l2_0_5,3,120,0.10797432895142006,55,2,2,0,2,1,0,0,0.0,0.0,0.0,0.0,0.4933334319078011,0.5047668567422962
gaussian_l2_0_5,4,120,0.12059161937146538,34,1,1,0,1,1,0,0,0.0,0.0,0.0,0.0,0.49356886597930544,0.5047668567422962
gaussian_l2_0_5,5,120,0.11879821306573454,44,1,1,0,1,1,0,0,0.0,0.0,0.0,0.0,0.4831326708750678,0.5037802859693944
gaussian_l2_0_5,6,120,0.12045438002202966,42,3,3,1,2,2,0.6666666666666666,1,0.32608102884071793,1.1206093737739091,1.1206093737739091,1.1206093737739091,0.487181721880647,0.5037802859693944
gaussian_l2_0_5,7,120,0.13082917924564724,50,1,1,0,1,1,0,0,0.0,0.0,0.0,0.0,0.466534749890309,0.49538982032807266
gaussian_l2_0_5,8,120,0.147752906626977,54,1,1,0,1,1,0,0,0.0,0.0,0.0,0.0,0.48263727079159413,0.5039450089011093
gaussian_l2_0_5,9,120,0.1284736805190721,44,1,1,0,1,1,0,0,0.0,0.0,0.0,0.0,0.49439051239377724,0.5047668567422962
gaussian_l2_0_5,10,120,0.12223562259493818,40,2,2,0,2,1,0,0,0.0,0.0,0.0,0.0,0.4944769104003385,0.5037802859693944
gaussian_l2_0_5,11,120,0.15066757326074665,43,2,2,0,2,1,0,0,0.0,0.0,0.0,0.0,0.494366574721105,0.5037802859693944
gaussian_l2_0_5,12,120,0.12746817840237268,45,1,1,0,1,1,0,0,0.0,0.0,0.0,0.0,0.49198640224463275,0.5047668567422962
gaussian_l2_0_5,13,120,0.12969145470882745,36,1,1,0,1,1,0,0,0.0,0.0,0.0,0.0,0.4971294345068022,0.5037802859693944
gaussian_l2_0_5,14,120,0.1341409691917981,44,1,1,0,1,1,0,0,0.0,0.0,0.0,0.0,0.49068596405542736,0.5037802859693944
gaussian_l2_0_5,15,120,0.11635264006333211,39,2,2,0,2,1,0,0,0.0,0.0,0.0,0.0,0.4993850816501423,0.5037802859693944
gaussian_l2_0_5,16,120,0.1227033782170912,50,1,1,0,1,1,0,0,0.0,0.0,0.0,0.0,0.4941064813081504,0.5037802859693944
gaussian_l2_0_5,17,120,0.1269054282406477,49,1,1,0,1,1,0,0,0.0,0.0,0.0,0.0,0.49322383522508245,0.5038563574491294
gaussian_l2_0_5,18,120,0.12465612198983678,57,1,1,0,1,1,0,0,0.0,0.0,0.0,0.0,0.491139599530339,0.5037802859693944
gaussian_l2_0_5,19,120,0.1450622015378305,74,2,2,0,2,1,0,0,0.0,0.0,0.0,0.0,0.46031084831463187,0.4856101584377525
gaussian_l2_0_5,20,120,0.11171940537622657,39,2,2,0,2,1,0,0,0.0,0.0,0.0,0.0,0.49669145296121675,0.5047668567422962
gaussian_l2_0_5,21,120,0.14539560984072103,44,1,1,0,1,1,0,0,0.0,0.0,0.0,0.0,0.4875146529079136,0.5016448090604372
gaussian_l2_0_5,22,120,0.12773727071030577,36,1,1,0,1,1,0,0,0.0,0.0,0.0,0.0,0.49346112669696207,0.5037802859693944
gaussian_l2_0_5,23,120,0.1318803891942301,42,1,1,0,1,1,0,0,0.0,0.0,0.0,0.0,0.4912794946643329,0.5047668567422962
gaussian_l2_0_5,24,120,0.11311891405608902,41,1,1,0,1,1,0,0,0.0,0.0,0.0,0.0,0.49729137564379755,0.503883705064112
gaussian_l2_0_5,25,120,0.1420307289044264,48,2,2,0,2,1,0,0,0.0,0.0,0.0,0.0,0.4954227294105389,0.5047668567422962
gaussian_l2_0_5,26,120,0.14524760751068222,43,1,1,0,1,1,0,0,0.0,0.0,0.0,0.0,0.495660824574721,0.5037802859693944
gaussian_l2_0_5,27,120,0.14704563664954234,54,1,1,0,1,1,0,0,0.0,0.0,0.0,0.0,0.49314302882373856,0.5037802859693944
gaussian_l2_0_5,28,120,0.1147460049496777,28,1,1,0,1,1,0,0,0.0,0.0,0.0,0.0,0.4976238895915584,0.5037802859693944
gaussian_l2_0_5,29,120,0.13169337510363327,34,2,2,0,2,1,0,0,0.0,0.0,0.0,0.0,0.487972851423054,0.5047668567422962
gaussian_l2_0_5,30,120,0.12580295543539635,45,1,1,0,1,1,0,0,0.0,0.0,0.0,0.0,0.49304055341680836,0.5039131993784522
gaussian_l2_0_5,31,120,0.12829096535508652,41,1,1,0,1,1,0,0,0.0,0.0,0.0,0.0,0.49354280835936676,0.503883705064112
gaussian_l2_0_5,32,120,0.12583401743674802,46,1,1,0,1,1,0,0,0.0,0.0,0.0,0.0,0.49583335410876606,0.5047668567422962
gaussian_l2_0_5,33,120,0.13252088658031966,49,3,3,0,3,1,0,0,0.0,0.0,0.0,0.0,0.4939799899029969,0.5037802859693944
gaussian_l2_0_5,34,120,0.12563283590222094,56,1,1,0,1,1,0,0,0.0,0.0,0.0,0.0,0.4813876787491608,0.5030243421941795
gaussian_l2_0_5,35,120,0.12311694198340542,41,1,1,0,1,1,0,0,0.0,0.0,0.0,0.0,0.48943368611679905,0.5047668567422962
gaussian_l2_0_5,36,120,0.13291057460340727,57,1,1,0,1,1,0,0,0.0,0.0,0.0,0.0,0.48410326218430666,0.49793314663621546
gaussian_l2_0_5,37,120,0.10713792303630747,41,1,1,0,1,1,0,0,0.0,0.0,0.0,0.0,0.49730794506095855,0.503883705064112
gaussian_l2_0_5,38,120,0.12727438822781925,46,1,1,0,1,1,0,0,0.0,0.0,0.0,0.0,0.4848112339541209,0.5037802859693944
gaussian_l2_0_5,39,120,0.12072250194763692,41,1,1,0,1,1,0,0,0.0,0.0,0.0,0.0,0.49589584586248947,0.5039450089011093
gaussian_l2_0_5,40,120,0.12183826420430864,42,2,2,0,2,1,0,0,0.0,0.0,0.0,0.0,0.4994187315211236,0.5047668567422962
gaussian_l2_0_5,41,120,0.13775113516119697,37,1,1,0,1,1,0,0,0.0,0.0,0.0,0.0,0.4952182487575634,0.5038571891320013
gaussian_l2_0_5,42,120,0.12349667895902369,59,1,1,0,1,1,0,0,0.0,0.0,0.0,0.0,0.4907778634727963,0.503883705064112
gaussian_l2_0_5,43,120,0.12203963885873712,47,2,2,0,2,1,0,0,0.0,0.0,0.0,0.0,0.4932156636232654,0.5028388802545154
gaussian_l2_0_5,44,120,0.1379234864610904,63,1,1,0,1,1,0,0,0.0,0.0,0.0,0.0,0.48208913605416237,0.4967682287265278
gaussian_l2_0_5,45,120,0.14848382037719648,48,1,1,0,1,1,0,0,0.0,0.0,0.0,0.0,0.492208036970635,0.5039131993784522
gaussian_l2_0_5,46,120,0.13822428381310237,44,1,1,0,1,1,0,0,0.0,0.0,0.0,0.0,0.4903940074648065,0.5039131993784522
gaussian_l2_0_5,47,120,0.11832004053058746,42,1,1,0,1,1,0,0,0.0,0.0,0.0,0.0,0.4943745320010522,0.5037802859693944
gaussian_l2_0_5,48,120,0.13598275665769624,55,1,1,0,1,1,0,0,0.0,0.0,0.0,0.0,0.48688368927073467,0.4993292969152481
gaussian_l2_0_5,49,120,0.14207725538765162,43,1,1,0,1,1,0,0,0.0,0.0,0.0,0.0,0.49298256603242147,0.5047668567422962
gaussian_l2_1_0,0,120,0.11642666817001995,135,8,8,2,6,2,0.5,1,0.7025987795246165,0.39712662422755457,0.39712662422755457,0.6964963606899254,0.41482060156918477,0.46608428802933244
gaussian_l2_1_0,1,120,0.09720962344166013,136,9,9,0,9,1,0,0,0.0,0.0,0.0,0.0,0.44831914236911635,0.5003599954543134
gaussian_l2_1_0,2,120,0.10775167706266314,123,9,9,6,4,6,1.3333333333333333,3,0.35706534011283264,1.0919339887424693,1.9155874974132137,4.015550670194977,0.4648486581045332,0.5037802859693944
gaussian_l2_1_0,3,120,0.09601226439555606,100,11,11,7,6,4,1.2727272727272727,3,0.3448025051496638,1.09630235060532,1.3876919450229646,2.40755552548472,0.46682331807755667,0.5047668567422962
gaussian_l2_1_0,4,120,0.1051943992772809,118,5,5,0,5,1,0,0,0.0,0.0,0.0,0.0,0.457391157955028,0.5037802859693944
gaussian_l2_1_0,5,120,0.10040506158447512,94,6,6,1,5,2,0.3333333333333333,1,0.49060079562082554,0.7121245254288847,0.7121245254288847,0.7121245254288847,0.4759163585785234,0.5006640583048796
gaussian_l2_1_0,6,120,0.12704980067948413,114,14,14,6,9,4,0.8571428571428571,3,0.45567810854856644,0.8724336591018296,1.2515424162346918,2.130551700758936,0.44231703348004675,0.4866364496340759
gaussian_l2_1_0,7,120,0.10874887190531154,121,9,9,3,6,4,0.6666666666666666,2,0.3707865724305043,1.0026893488506716,1.6472852615891866,3.0080680465520153,0.431639275312789,0.5028681181296615
gaussian_l2_1_0,8,120,0.12058380921276747,115,13,13,7,8,4,1.0769230769230769,3,0.5136045271211152,0.7131085373273798,0.8188122215392178,1.5839501673630256,0.44121083128557514,0.4991513660844507
gaussian_l2_1_0,9,120,0.08189226107684869,110,7,7,1,6,2,0.2857142857142857,1,0.8155551428431814,0.2038862407605182,0.2038862407605182,0.2038862407605182,0.4656696385421538,0.5037802859693944
gaussian_l2_1_0,10,120,0.10455947706445774,102,13,13,13,5,8,2,4,0.42462597336134145,0.9180350458414049,2.103921301966299,4.384841508577746,0.4518322679969078,0.49083596986496925
gaussian_l2_1_0,11,120,0.10513188306444468,134,9,9,2,7,2,0.4444444444444444,1,0.5900483314088895,0.6238962009122262,0.6238962009122262,1.0699432396043083,0.42694024488393895,0.49782976544731367
gaussian_l2_1_0,12,120,0.10171164490014388,139,8,8,2,6,2,0.5,1,0.4482927327622445,0.9000221761673299,0.9000221761673299,1.3493263801870243,0.4306331854958432,0.481729025627596
gaussian_l2_1_0,13,120,0.11222636803972821,124,12,12,6,7,3,1,2,0.3970150318106438,0.9534659362875724,1.0896511527911819,1.9067624518128385,0.3989485828411882,0.45416629796918906
gaussian_l2_1_0,14,120,0.0970687266744116,112,12,12,5,8,3,0.8333333333333334,2,0.46987358018404773,0.8228197299866659,0.8228197299866659,1.241677032834465,0.4280309741981053,0.49755781545029276
gaussian_l2_1_0,15,120,0.09655565133560656,142,8,8,3,5,3,0.75,2,0.3971818022546402,1.0353414703729118,1.455572574298833,2.716265886076597,0.4472709612088795,0.5025090229428535
gaussian_l2_1_0,16,120,0.12603444580163253,148,12,12,5,8,4,0.8333333333333334,3,0.5173971195830592,0.7718729107569664,0.9365017834860128,1.9897051202058083,0.3360648497256556,0.5047668567422962
gaussian_l2_1_0,17,120,0.12718333189934955,125,14,14,9,8,6,1.2857142857142858,4,0.47387932990409004,0.8017061263722891,1.3294506771866694,2.7262491283630146,0.4113593538359949,0.4501726822802908
gaussian_l2_1_0,18,120,0.11873857536990842,99,10,10,4,6,3,0.8,2,0.6204135302048881,0.5712994816134239,0.7658562810417379,1.5440834787549933,0.4731736387410639,0.5047668567422962
gaussian_l2_1_0,19,120,0.14465816130304684,146,18,18,17,8,7,1.8888888888888888,4,0.4773876435957752,0.8239735591046603,1.421924243527046,3.1004753243809917,0.35001988465371786,0.49538982032807266
gaussian_l2_1_0,20,120,0.11609844918527229,129,11,11,4,7,3,0.7272727272727273,2,0.49820743836116593,0.726141760506921,0.9448457946446934,1.8196619311957831,0.42937272688399697,0.4980806182079163
gaussian_l2_1_0,21,120,0.1385995991243547,134,13,13,3,10,3,0.46153846153846156,2,0.5113100874293689,0.6753161202756408,0.8100580642386362,1.2142838961276226,0.4221579202689024,0.5047668567422962
gaussian_l2_1_0,22,120,0.10595244972614647,114,7,7,1,6,2,0.2857142857142857,1,0.47911283694464596,0.7358191415788187,0.7358191415788187,0.7358191415788187,0.46348783971990076,0.5047668567422962
gaussian_l2_1_0,23,120,0.10798808570031365,153,15,15,7,9,5,0.9333333333333333,3,0.5578120272414455,0.679978892288746,1.2762909130862823,2.979282825239808,0.40696350935631265,0.48492401466113083
gaussian_l2_1_0,24,120,0.09916846634121095,120,7,7,3,5,3,0.8571428571428571,2,0.3720415770003494,1.0354430878911838,1.0354430878911838,1.3780161682076,0.4591920274809564,0.5028381641085397
gaussian_l2_1_0,25,120,0.12438956325565005,129,10,10,3,7,3,0.6,2,0.4235004691762418,0.8835476618849826,1.117887068176905,1.820905287052673,0.4415743051682626,0.4867489642691944
gaussian_l2_1_0,26,120,0.12896704464282557,105,9,9,0,9,1,0,0,0.0,0.0,0.0,0.0,0.4536337561349732,0.5047668567422962
gaussian_l2_1_0,27,120,0.10340896319908313,101,5,5,2,3,3,0.8,2,0.32048939429320844,1.1467728452087775,1.5290304602783702,2.293545690417555,0.4750120982626552,0.5031208742175043
gaussian_l2_1_0,28,120,0.09324758457646602,102,9,9,6,4,4,1.3333333333333333,3,0.5898947846441684,0.6539683192418229,0.9301163818816787,2.4604509390098177,0.462575149840338,0.4972429578867528
gaussian_l2_1_0,29,120,0.10159312495788905,125,10,10,2,8,2,0.4,1,0.45009269724548917,0.8058715546439839,0.8058715546439839,0.9290701840222129,0.4482155829569468,0.4993292969152481
gaussian_l2_1_0,30,120,0.09224403989102817,128,6,6,2,4,2,0.6666666666666666,1,0.33159032974779235,1.103966818141342,1.103966818141342,1.1189203301335284,0.45832291502069933,0.5039793153684511
gaussian_l2_1_0,31,120,0.10786445669987615,132,15,15,10,8,5,1.3333333333333333,3,0.43152453981203587,0.9085670068149543,1.2909122534264532,3.1841686297885166,0.4541536415648444,0.49932118646370705
gaussian_l2_1_0,32,120,0.09973968269925708,109,7,7,1,6,2,0.2857142857142857,1,0.41433882763728724,0.8810712156386699,0.8810712156386699,0.8810712156386699,0.4676193219842813,0.5047668567422962
gaussian_l2_1_0,33,120,0.1008647977710622,106,8,8,2,6,2,0.5,1,0.4724275502609988,0.8367122887283223,0.8367122887283223,1.2595222761653568,0.449784637157383,0.5047668567422962
gaussian_l2_1_0,34,120,0.1117500566717481,117,12,12,6,8,4,1,3,0.4341639551506948,0.8985382153330094,0.9686455728301012,1.4986809273445914,0.444454429568207,0.4967076817252921
gaussian_l2_1_0,35,120,0.1273725028587774,139,12,12,13,4,7,2.1666666666666665,4,0.5052765781621478,0.7873750703712988,1.5027588336355253,2.855292071366489,0.42327169396983694,0.49495881792073626
gaussian_l2_1_0,36,120,0.1186505476423954,139,12,12,6,7,3,1,2,0.4432948593430984,0.8418498613712662,0.9938154338615615,1.9056088688033328,0.4404895522811402,0.5047668567422962
gaussian_l2_1_0,37,120,0.09636083219634463,107,7,7,1,6,2,0.2857142857142857,1,0.2898815223504681,1.2382829830973738,1.2382829830973738,1.2382829830973738,0.4531660591847538,0.5018830636453117
gaussian_l2_1_0,38,120,0.11253985307148975,129,9,9,1,8,2,0.2222222222222222,1,0.25534653059924134,1.3651337128253471,1.3651337128253471,1.3651337128253471,0.44187372599406677,0.481729025627596
gaussian_l2_1_0,39,120,0.11091633395788444,116,11,11,7,5,5,1.2727272727272727,3,0.5435940416999233,0.7391482397489184,1.3789097708458002,3.321445784434954,0.4584629059410887,0.4940528805377012
gaussian_l2_1_0,40,120,0.09868716453381388,99,8,8,2,6,2,0.5,1,0.39948469021371596,0.9540433369087318,0.9540433369087318,1.2257374468057716,0.4760503910645715,0.5039131993784522
gaussian_l2_1_0,41,120,0.114994851620851,134,7,7,0,7,1,0,0,0.0,0.0,0.0,0.0,0.42324717246899046,0.47842358161458814
gaussian_l2_1_0,42,120,0.10014267460167271,132,7,7,0,7,1,0,0,0.0,0.0,0.0,0.0,0.4599866804295704,0.5047668567422962
gaussian_l2_1_0,43,120,0.09539911156896815,118,7,7,4,4,4,1.1428571428571428,3,0.4440478922620249,0.9364168900060185,1.4324857282452095,2.440468540878548,0.4521057963257427,0.5047668567422962
gaussian_l2_1_0,44,120,0.09818454376826452,129,16,16,5,11,4,0.625,2,0.43267109367828305,0.9241042381772763,1.5752322360111615,3.393308577821206,0.4204540613452254,0.4815682498482693
gaussian_l2_1_0,45,120,0.1260151668787198,130,13,13,8,6,8,1.2307692307692308,3,0.3543232622104965,1.0602800478843013,2.673305179444981,5.952376268992529,0.4296655697376292,0.4727971453586825
gaussian_l2_1_0,46,120,0.09325380829545821,123,11,11,3,8,2,0.5454545454545454,1,0.4608539283361646,0.868549241554058,0.868549241554058,1.2067937953420822,0.44865096608187766,0.4892737805816592
gaussian_l2_1_0,47,120,0.13004513951950003,127,11,11,5,6,3,0.9090909090909091,2,0.5102413838080336,0.6991876918959994,0.7772029898453328,1.1698895904717208,0.38451516454646684,0.4375103515895301
gaussian_l2_1_0,48,120,0.10462231138372564,120,12,12,7,6,5,1.1666666666666667,3,0.46272572529279027,0.8383193754707055,1.460551713254569,3.0299046384699886,0.4400416754662353,0.5030243421941795
gaussian_l2_1_0,49,120,0.1036914718711622,140,12,12,4,8,3,0.6666666666666666,2,0.27533011561447446,1.2911781124714448,1.721570816628593,2.6305785055386615,0.4435684889474857,0.5027162725805205
linf_exp_1_0,0,120,0.11414708388764988,166,23,23,35,3,17,3.0434782608695654,6,0.3886987217422105,0.9930211358702385,2.6390805505380976,5.694975013468705,0.40510598378079016,0.47835031370041653
linf_exp_1_0,1,120,0.13036263691891542,174,20,20,35,3,10,3.5,7,0.4325501284114795,0.8985994075073509,1.9707572530864674,5.699233403069272,0.3936137579488075,0.5047668567422962
linf_exp_1_0,2,120,0.11921263753347898,152,15,15,16,4,9,2.1333333333333333,4,0.3871161823496456,0.9825034076434,1.903471724566321,3.3045449884359366,0.4362854442874916,0.5047668567422962
linf_exp_1_0,3,120,0.10552907564120544,125,19,19,27,1,19,2.8421052631578947,5,0.3359790045065123,1.1194438491394942,3.808213951232148,8.365427779930906,0.44289808680766873,0.5047668567422962
linf_exp_1_0,4,120,0.10590445755581133,151,14,14,15,4,8,2.142857142857143,5,0.37075597630614515,1.0384733688796222,1.9393715461227452,3.706431814430253,0.4511244673551578,0.5047668567422962
linf_exp_1_0,5,120,0.10430586771210736,146,12,12,9,5,6,1.5,4,0.37733612330732247,1.0948293569351124,1.7951705045462614,4.018963736801849,0.44207587843869284,0.5047668567422962
linf_exp_1_0,6,120,0.09267658289750784,153,16,16,13,5,6,1.625,4,0.38041440304114593,0.9834806647473837,1.6227574979324935,2.9362912664504655,0.4416478341723656,0.5047668567422962
linf_exp_1_0,7,120,0.12137785654714132,155,20,20,30,2,18,3,6,0.3557106717832474,1.0715031501830936,3.0052377045049012,5.734311062463906,0.355184618463829,0.5034647512994915
linf_exp_1_0,8,120,0.11582488983829987,150,20,20,34,2,19,3.4,6,0.3950050493443041,1.000095855367583,2.945108357486546,5.893274357803907,0.4294597493414137,0.5047668567422962
linf_exp_1_0,9,120,0.08446623663864261,124,19,19,37,3,15,3.8947368421052633,8,0.4159609798728655,0.928705664752413,2.283509248185519,5.872073511478224,0.4668570164109822,0.5047668567422962
linf_exp_1_0,10,120,0.10886458551782703,148,17,17,22,3,14,2.588235294117647,5,0.43154510073718233,0.8992021313860932,2.974987606242136,7.790825187627735,0.4431258326333563,0.5047668567422962
linf_exp_1_0,11,120,0.09625292014530168,161,11,11,11,2,10,2,3,0.348562132390742,1.1174254814855653,3.4207999069177117,8.60525232397131,0.42812478536237975,0.5024212154567266
linf_exp_1_0,12,120,0.09731268885513288,136,20,20,31,3,17,3.1,6,0.3722409384587787,1.0654139162588991,2.8359402348128353,6.866272214187404,0.4119527558982294,0.5047668567422962
linf_exp_1_0,13,120,0.11548246341669435,137,20,20,34,3,12,3.4,6,0.37295706243873233,1.025589859215149,2.4743600437288773,6.903431202026795,0.39583433225461684,0.5047668567422962
linf_exp_1_0,14,120,0.09896503978224096,149,17,17,18,4,13,2.1176470588235294,4,0.3767751490308464,0.9967084887072514,2.6816767321355024,5.488579164716489,0.43285254776825216,0.5047668567422962
linf_exp_1_0,15,120,0.09817837339570733,151,15,15,17,4,6,2.2666666666666666,4,0.4371155709986906,0.8612155089733915,1.365791007792377,3.622587059853813,0.45921299663929016,0.5047668567422962
linf_exp_1_0,16,120,0.12046395794146778,173,21,21,36,1,21,3.4285714285714284,6,0.3726693071362172,1.0257969812930612,3.170766525000083,7.201105529514003,0.338090108905191,0.5029763111151777
linf_exp_1_0,17,120,0.10231443784004178,166,15,15,20,2,13,2.6666666666666665,4,0.3392475370161385,1.1206421608620727,2.888498169773782,5.3148063880829834,0.4349319338987978,0.5047668567422962
linf_exp_1_0,18,120,0.10258365747759207,134,12,12,10,3,6,1.6666666666666667,3,0.3754008248962382,1.0147137787614782,1.8326655063416442,3.562464733555367,0.44717266493897573,0.5022653318095446
linf_exp_1_0,19,120,0.11725724142249604,140,26,26,60,1,26,4.615384615384615,8,0.3908238563075567,0.9814732900374336,2.6837382420784546,5.750749286120072,0.3257824743614573,0.5047668567422962
linf_exp_1_0,20,120,0.12390313564211834,167,25,25,49,1,25,3.92,6,0.39060992393337973,0.9929718581055463,3.2090146729775735,7.608836527710448,0.3460294918289351,0.4649676424389777
linf_exp_1_0,21,120,0.12473627392776179,161,23,23,40,1,23,3.4782608695652173,6,0.4005205001652305,0.9728603352970228,3.6019385685953003,8.12785230227438,0.4106212418249486,0.5045224061739515
linf_exp_1_0,22,120,0.09358855591399505,161,23,23,40,1,23,3.4782608695652173,6,0.36322870319509876,1.0537257135567544,3.582534990145662,9.48151793581262,0.40615466624516866,0.5016448090604372
linf_exp_1_0,23,120,0.12302553171226487,139,20,20,31,2,19,3.1,5,0.37762117656502153,1.0151112868525916,3.8428928494951236,8.685053262496876,0.42677560040146045,0.5047668567422962
linf_exp_1_0,24,120,0.09370786374261038,138,16,16,16,4,11,2,4,0.3610224341928082,1.048430977119689,2.6951021042889645,5.96878217241246,0.45673450682552985,0.5047668567422962
linf_exp_1_0,25,120,0.11353756631749108,167,18,18,31,2,12,3.4444444444444446,6,0.38243689925997487,0.9950520151905344,2.1446183255385236,5.132610892257185,0.4145215850379817,0.4704780717257568
linf_exp_1_0,26,120,0.10998233891697605,126,15,15,18,2,12,2.4,4,0.36676648210911444,1.036453614159143,3.0208294275451473,8.024234764548742,0.45352153887460145,0.5047668567422962
linf_exp_1_0,27,120,0.16517442002186958,168,26,26,51,2,22,3.923076923076923,7,0.3996261034142488,0.9948081808756594,2.9074901300507747,6.270280880717391,0.23577038299460112,0.5047668567422962
linf_exp_1_0,28,120,0.10330439660476541,149,22,22,37,1,22,3.3636363636363638,6,0.384526736405891,1.0030084396778824,3.371603542543747,8.696338269416053,0.4256691781574602,0.5047668567422962
linf_exp_1_0,29,120,0.10316614781438556,158,16,16,13,5,5,1.625,3,0.3985442172330901,0.9716288080383115,1.75458652639718,3.900899627544071,0.4039894542964302,0.5047668567422962
linf_exp_1_0,30,120,0.09562033137617075,143,15,15,16,2,11,2.1333333333333333,4,0.37026890369114185,1.0468904861595556,2.875608215886205,6.561337093080913,0.4342917353506809,0.504111715596146
linf_exp_1_0,31,120,0.11814388484265612,160,18,18,30,3,15,3.3333333333333335,6,0.3792380373907795,1.0091806551184632,2.8063422620590894,7.902905524035656,0.42765245900567417,0.5047668567422962
linf_exp_1_0,32,120,0.09673115501812153,147,11,11,11,2,6,2,4,0.4011717527464415,0.9636601822581894,1.963794317450253,4.824810354852726,0.4505488702534053,0.489231903710648
linf_exp_1_0,33,120,0.10534046322161449,137,17,17,20,5,9,2.3529411764705883,4,0.3971597742981003,0.9568317524441289,2.0864827125842083,4.825795078422156,0.4397645681119499,0.5032202021378028
linf_exp_1_0,34,120,0.10484117130220369,149,22,22,38,2,20,3.4545454545454546,6,0.4248874777933307,0.9079736953151845,3.5972466542909944,9.016279676490193,0.42601076343358774,0.5037802859693944
linf_exp_1_0,35,120,0.1183166750119352,149,26,26,58,1,26,4.461538461538462,7,0.4427394051771568,0.8758028928470954,3.012232506767205,6.906987182559837,0.4257707003959281,0.5043515222806592
linf_exp_1_0,36,120,0.12292922424416901,147,21,21,30,1,21,2.857142857142857,5,0.3879152944679025,0.9771368695069877,4.349873190406676,10.116318708997701,0.4067388431973566,0.5047668567422962
linf_exp_1_0,37,120,0.12348834911224336,154,20,20,30,2,19,3,6,0.37302404837456393,1.0412137824100307,3.877428933797163,9.797797539390327,0.42941697868849554,0.5047668567422962
linf_exp_1_0,38,120,0.10857084032782008,157,17,17,18,4,7,2.1176470588235294,3,0.4172409403264649,0.9140858563296907,1.878298073124385,5.310666719288104,0.4258955211848355,0.5018003574521314
linf_exp_1_0,39,120,0.09830694330801899,172,14,14,16,6,8,2.2857142857142856,6,0.40770525597177365,0.9202157521361571,1.5127094152026486,3.459062521404011,0.42946761253696114,0.494871531484337
linf_exp_1_0,40,120,0.1002439806226345,142,12,12,11,5,7,1.8333333333333333,4,0.36814789858922287,1.0502183225508497,2.0047198004721145,4.993498004699663,0.46121041199859264,0.5047668567422962
linf_exp_1_0,41,120,0.10498102375668387,173,19,19,26,3,17,2.736842105263158,6,0.3835513687835644,1.0015936915110184,3.115194327491245,7.532288353505501,0.4312911532155476,0.49850407282247583
linf_exp_1_0,42,120,0.09970101042440183,156,18,18,22,4,13,2.4444444444444446,5,0.41693407466660076,0.9275006295466999,2.3844016423026013,4.985176708456436,0.42029234961284145,0.5047668567422962
linf_exp_1_0,43,120,0.1105810429874233,152,22,22,38,2,13,3.4545454545454546,5,0.4038055932360314,0.9554630794858768,2.9392696479995672,7.775242723825775,0.3797081108238863,0.4980806182079163
linf_exp_1_0,44,120,0.10198457124190957,148,18,18,20,4,13,2.2222222222222223,3,0.40323273365175616,0.9523132749540014,2.8803594972783935,6.4265696737588565,0.40356660756292184,0.5047668567422962
linf_exp_1_0,45,120,0.1153612765812483,142,20,20,28,4,15,2.8,6,0.40954924335650683,0.9400189910612242,2.7137344138319577,6.439713263765321,0.42580237211927197,0.4839727698709188
linf_exp_1_0,46,120,0.12310047643606553,146,24,24,40,1,24,3.3333333333333335,7,0.3872364890637327,0.9843498785502118,3.488508232168654,8.314741066802952,0.3507249496960984,0.5047668567422962
linf_exp_1_0,47,120,0.12180854057833329,165,18,18,26,1,18,2.888888888888889,5,0.37723810123248613,1.0145983177605755,4.06329193136422,10.719938680755945,0.280985042698321,0.4967682287265278
linf_exp_1_0,48,120,0.10166983260428532,130,24,24,47,4,18,3.9166666666666665,8,0.37533263654666515,1.0188979148667632,2.8119409191022746,7.557904830107995,0.4074039207224679,0.484382678465678
linf_exp_1_0,49,120,0.10252865631554424,169,23,23,50,2,14,4.3478260869565215,8,0.4077784495147227,0.9730571818631639,2.170851446956961,4.991659511865664,0.40470779186390626,0.4967682287265278
anisotropic_exp,0,120,0.12360859400499166,161,33,33,49,5,15,2.9696969696969697,6,0.3645074877095684,1.0470643948668938,2.346887659680737,6.351813415046375,0.3729297205530041,0.5047668567422962
anisotropic_exp,1,120,0.14348923515757708,149,32,32,51,3,16,3.1875,6,0.3891389323256988,0.9853839014410551,2.321982482525326,6.370250423044958,0.18092331467054917,0.5047668567422962
anisotropic_exp,2,120,0.09822796962791751,173,24,24,30,8,7,2.5,5,0.46613971303804985,0.8384425882238682,1.4686218122808743,4.016648706459846,0.4149186731439688,0.5047668567422962
anisotropic_exp,3,120,0.10011526104468048,154,27,27,41,4,18,3.037037037037037,6,0.41243316469756297,0.9322354680302459,4.047382277561151,10.496194608873322,0.27108555129563316,0.5047668567422962
anisotropic_exp,4,120,0.0941882403176652,161,25,25,29,4,19,2.32,4,0.3886154624565391,0.9746781432361842,3.7052319877760294,9.588698384265866,0.42637485859554836,0.5047668567422962
anisotropic_exp,5,120,0.10154762099227786,166,27,27,34,6,18,2.5185185185185186,5,0.4137935940968902,0.9296569260106411,3.8011111350312405,8.578179598999021,0.41620668766977864,0.5047668567422962
anisotropic_exp,6,120,0.0940139020943435,171,31,31,39,4,10,2.5161290322580645,6,0.4015069893478128,0.9502201714642747,2.5107430622362563,6.576992028690009,0.3988382008535194,0.5047668567422962
anisotropic_exp,7,120,0.17898216302521044,162,30,30,44,4,15,2.933333333333333,6,0.4339773404303509,0.8815660181378219,2.870503609787888,7.079110096743234,0.1817951267265587,0.5047668567422962
anisotropic_exp,8,120,0.11660014606488729,164,28,28,43,5,11,3.0714285714285716,6,0.39566577791651714,0.9831025245437677,2.486755353479983,7.2884986556679685,0.38925025102053634,0.5047668567422962
anisotropic_exp,9,120,0.07937526333008679,143,26,26,30,8,10,2.3076923076923075,7,0.3876566773908419,0.9913101166017143,1.7562803378807037,4.121245284245488,0.43738530606256276,0.5047668567422962
anisotropic_exp,10,120,0.09849359582981623,169,29,29,34,5,16,2.3448275862068964,4,0.4184313727021837,0.9113676891864869,3.376580253989883,8.31814698666661,0.3600374923847807,0.5047668567422962
anisotropic_exp,11,120,0.0783285360882777,147,32,32,57,3,30,3.5625,7,0.38206665153070407,1.0147986329193164,5.547637520442576,14.270906523648273,0.3451785538860977,0.5047668567422962
anisotropic_exp,12,120,0.10574339862580542,147,28,28,34,5,14,2.4285714285714284,5,0.3610065898231338,1.091663521599816,2.730608100222371,6.939536389114567,0.3379018639340213,0.5047668567422962
anisotropic_exp,13,120,0.09574812426344384,159,31,31,42,8,10,2.7096774193548385,6,0.3974494786308346,0.9743247210996381,1.9713694128033004,5.010260853622051,0.3790744407380515,0.5047668567422962
anisotropic_exp,14,120,0.08788401043817053,167,26,26,37,3,15,2.8461538461538463,5,0.42464265507262267,0.909458554675048,3.0594205044494203,9.091530228855671,0.40313362490215787,0.5047668567422962
anisotropic_exp,15,120,0.15370172233128743,160,32,32,53,4,20,3.3125,8,0.39154477066491067,0.9617735215446855,2.8213251491781075,8.563689170423675,0.27282344204738496,0.5047668567422962
anisotropic_exp,16,120,0.11326022451605716,145,34,34,46,6,10,2.7058823529411766,7,0.3970819705738897,0.9776557436464423,2.0257568102908627,6.491860252817716,0.3047398886779052,0.5047668567422962
anisotropic_exp,17,120,0.10110710735090675,171,26,26,23,9,8,1.7692307692307692,4,0.3897255593260109,0.9874554446219223,2.0426923563657935,5.282979289325549,0.40309840288240695,0.5047668567422962
anisotropic_exp,18,120,0.09008415625850068,195,22,22,33,6,8,3,6,0.42743703022131213,0.8996512595704533,1.3847955462814756,3.586419572435006,0.3980171270927003,0.5047668567422962
anisotropic_exp,19,120,0.09186960940826737,150,33,33,49,6,14,2.9696969696969697,6,0.44869320984871736,0.8621123845342081,2.324526131719389,6.743864055573132,0.30955503587853944,0.5047668567422962
anisotropic_exp,20,120,0.1067253433475111,169,31,31,36,7,12,2.3225806451612905,5,0.40162796924081684,0.9583875171941613,2.0498479401826453,4.44594449710389,0.20801206968560146,0.5047668567422962
anisotropic_exp,21,120,0.1030576411169817,170,28,28,43,5,9,3.0714285714285716,5,0.3706868893530264,1.0370899905180444,1.596428487447869,4.2440860129148845,0.4051788404417597,0.5047668567422962
anisotropic_exp,22,120,0.08475902568972696,180,30,30,32,9,8,2.1333333333333333,5,0.42549569403137355,0.9077820767409097,1.4357749935270985,3.4996003437818732,0.3797921622509842,0.5047668567422962
anisotropic_exp,23,120,0.08919949962821018,168,28,28,34,3,24,2.4285714285714284,6,0.3526089113148116,1.0681968178540597,4.690833807756536,13.11008539434368,0.38831416922575235,0.5047668567422962
anisotropic_exp,24,120,0.09409351417813679,171,26,26,23,9,5,1.7692307692307692,4,0.4338450053352765,0.8749488946059972,1.2213776797271247,2.5463924692963964,0.3699484472859764,0.5047668567422962
anisotropic_exp,25,120,0.10182344615110832,164,33,33,47,6,12,2.8484848484848486,6,0.3996485319857313,0.960452711805548,2.015225492996573,4.8398312663097505,0.38600817737955956,0.5047668567422962
anisotropic_exp,26,120,0.10644909884017215,156,31,31,43,7,19,2.774193548387097,5,0.3557850144194116,1.0727065597564638,3.8528495867048522,10.439273864775199,0.29216404498188736,0.5047668567422962
anisotropic_exp,27,120,0.09115271741021579,149,31,31,43,5,11,2.774193548387097,5,0.35288782531981283,1.0700329124292798,2.1197175763245935,5.7909118466033025,0.2683653815514909,0.5047668567422962
anisotropic_exp,28,120,0.1515886569334771,164,32,32,55,3,26,3.4375,6,0.3883873491735364,0.9882366474925488,3.923200908272002,11.324668052822293,0.25519018032354623,0.5047668567422962
anisotropic_exp,29,120,0.11118983599708554,190,25,25,22,7,7,1.76,3,0.3795247687271331,1.0066017259628643,1.943444905747633,4.102019217744878,0.3285268486344938,0.5047668567422962
anisotropic_exp,30,120,0.08213185323751038,155,28,28,37,6,10,2.642857142857143,6,0.4090566687460056,0.9454466487952918,1.9881401817363717,5.272127292364084,0.3981305377664392,0.5047668567422962
anisotropic_exp,31,120,0.0930851877481324,157,30,30,49,2,22,3.2666666666666666,6,0.37856832570020676,1.012000408835069,4.172073019661679,11.710728600928924,0.4355485022637223,0.5047668567422962
anisotropic_exp,32,120,0.1089667494291011,171,26,26,24,8,8,1.8461538461538463,4,0.42369926186991896,0.891270201723904,1.6684659844739653,4.297078151045345,0.42009476230719167,0.4852307954262829
anisotropic_exp,33,120,0.07893929562052607,175,24,24,30,4,9,2.5,5,0.4035953404090622,0.9584081709383966,2.0175970443738422,5.362167578375985,0.41244550705685257,0.5047668567422962
anisotropic_exp,34,40,0.04088750059320799,148,37,37,56,2,32,3.027027027027027,5,0.41149507818703845,0.9427955613502563,5.843531771683576,14.505401769013389,0.33399423162064673,0.5047668567422962
anisotropic_exp,35,120,0.14940782241037562,172,30,30,47,8,10,3.1333333333333333,7,0.469868847422625,0.8186457955944871,1.510543748882232,4.60457701694655,0.22871212915332403,0.5047668567422962
anisotropic_exp,36,120,0.10087068355644588,161,30,30,48,4,16,3.2,7,0.4350128842022125,0.879158150022422,3.2857496171113136,10.562499229716988,0.35198984475390793,0.5047668567422962
anisotropic_exp,37,120,0.11248290792183359,162,28,28,37,2,27,2.642857142857143,5,0.35537687487682523,1.0674888390309725,5.77450845222337,15.95741186773955,0.21978067994290043,0.5047668567422962
anisotropic_exp,38,120,0.12026399113024877,175,30,30,37,7,11,2.466666666666667,7,0.37188100763192306,1.0256250893588539,2.2700554708885137,5.079826764997625,0.38251417524602355,0.5047668567422962
anisotropic_exp,39,120,0.0886560668038153,149,32,32,50,4,12,3.125,5,0.3994407142044391,0.9834890428301298,2.376412880444365,7.249650918978942,0.35378177382747367,0.5047668567422962
anisotropic_exp,40,120,0.1053599021492473,180,27,27,35,6,13,2.5925925925925926,6,0.38195008260760194,1.0113136382663779,2.660766916777174,6.518679784067309,0.38274942710916854,0.5047668567422962
anisotropic_exp,41,120,0.09963681960477723,176,29,29,36,7,10,2.4827586206896552,5,0.4349016186548943,0.917278878902977,1.8882027052992787,5.385446469271289,0.41713471094150695,0.5047668567422962
anisotropic_exp,42,120,0.09223064688738415,171,23,23,25,9,7,2.1739130434782608,5,0.3495108139505105,1.0735062629379661,1.3545712927612745,3.458887561640383,0.40106649564707725,0.5047668567422962
anisotropic_exp,43,120,0.15318447771970292,157,34,34,61,3,20,3.588235294117647,8,0.386854520856008,1.021514400396439,3.3479290672851243,8.830214975357155,0.2599715581606819,0.5047668567422962
anisotropic_exp,44,120,0.13314181075587514,164,31,31,43,6,11,2.774193548387097,5,0.4510686716292976,0.856841592216818,2.3100902111429664,6.311351789658561,0.18159160328498716,0.5047668567422962
anisotropic_exp,45,120,0.11822856306490022,165,34,34,46,6,26,2.7058823529411766,5,0.4199445954111465,0.9105598704274108,4.406690177928892,10.762715232640906,0.35010953525719407,0.5047668567422962
anisotropic_exp,46,120,0.10691201332094981,156,32,32,79,3,29,4.9375,13,0.3991841988387943,0.9601775155135334,4.517592974809923,14.131354635566174,0.3257655691622028,0.5047668567422962
anisotropic_exp,47,120,0.14542069862952556,176,29,29,35,6,10,2.413793103448276,5,0.3684433578935448,1.0602230010370761,2.257272149599263,5.002094418672545,0.22905956671853844,0.501024734494997
anisotropic_exp,48,120,0.11303935697686816,146,30,30,47,4,14,3.1333333333333333,7,0.407720587910945,0.9576121859264561,2.7424303815142514,6.2533745637342495,0.3398985186141679,0.5047668567422962
anisotropic_exp,49,120,0.07923501075315152,163,33,33,47,7,15,2.8484848484848486,6,0.37942089389215494,1.0112589459393155,2.603072631569951,7.452292686134644,0.39617083018735955,0.5047668567422962
cosine_resonance,0,120,0.16473633611777735,1,1,1,0,1,1,0,0,0.0,0.0,0.0,0.0,0.5047668567422962,0.5047668567422962
cosine_resonance,1,120,0.16486400153229627,1,1,1,0,1,1,0,0,0.0,0.0,0.0,0.0,0.5047668567422962,0.5047668567422962
cosine_resonance,2,120,0.16661205951949612,1,1,1,0,1,1,0,0,0.0,0.0,0.0,0.0,0.5047668567422962,0.5047668567422962
cosine_resonance,3,120,0.1579436977867927,1,1,1,0,1,1,0,0,0.0,0.0,0.0,0.0,0.5047668567422962,0.5047668567422962
cosine_resonance,4,120,0.1703110202917955,1,1,1,0,1,1,0,0,0.0,0.0,0.0,0.0,0.5047668567422962,0.5047668567422962
cosine_resonance,5,120,0.16813051238597493,1,1,1,0,1,1,0,0,0.0,0.0,0.0,0.0,0.5047668567422962,0.5047668567422962
cosine_resonance,6,120,0.15161288527377456,1,1,1,0,1,1,0,0,0.0,0.0,0.0,0.0,0.5047668567422962,0.5047668567422962
cosine_resonance,7,120,0.15459051983557975,1,1,1,0,1,1,0,0,0.0,0.0,0.0,0.0,0.5047668567422962,0.5047668567422962
cosine_resonance,8,120,0.1518876007582241,1,1,1,0,1,1,0,0,0.0,0.0,0.0,0.0,0.5047668567422962,0.5047668567422962
cosine_resonance,9,120,0.1554174432461332,1,1,1,0,1,1,0,0,0.0,0.0,0.0,0.0,0.5047668567422962,0.5047668567422962
cosine_resonance,10,120,0.16812067550369605,1,1,1,0,1,1,0,0,0.0,0.0,0.0,0.0,0.5047668567422962,0.5047668567422962
cosine_resonance,11,120,0.1570120176367992,1,1,1,0,1,1,0,0,0.0,0.0,0.0,0.0,0.5047668567422962,0.5047668567422962
cosine_resonance,12,120,0.15240380741595022,1,1,1,0,1,1,0,0,0.0,0.0,0.0,0.0,0.5047668567422962,0.5047668567422962
cosine_resonance,13,120,0.1544767907238286,1,1,1,0,1,1,0,0,0.0,0.0,0.0,0.0,0.5047668567422962,0.5047668567422962
cosine_resonance,14,120,0.15500091552159992,1,1,1,0,1,1,0,0,0.0,0.0,0.0,0.0,0.5047668567422962,0.5047668567422962
cosine_resonance,15,120,0.1628641188548657,1,1,1,0,1,1,0,0,0.0,0.0,0.0,0.0,0.5047668567422962,0.5047668567422962
cosine_resonance,16,120,0.15498058189452857,1,1,1,0,1,1,0,0,0.0,0.0,0.0,0.0,0.5047668567422962,0.5047668567422962
cosine_resonance,17,120,0.15248912100737386,1,1,1,0,1,1,0,0,0.0,0.0,0.0,0.0,0.5047668567422962,0.5047668567422962
cosine_resonance,18,120,0.14971582284609275,1,1,1,0,1,1,0,0,0.0,0.0,0.0,0.0,0.5047668567422962,0.5047668567422962
cosine_resonance,19,120,0.1467349972157047,1,1,1,0,1,1,0,0,0.0,0.0,0.0,0.0,0.5047668567422962,0.5047668567422962
cosine_resonance,20,120,0.16271257074621356,1,1,1,0,1,1,0,0,0.0,0.0,0.0,0.0,0.5047668567422962,0.5047668567422962
cosine_resonance,21,120,0.14609283071592713,1,1,1,0,1,1,0,0,0.0,0.0,0.0,0.0,0.5047668567422962,0.5047668567422962
cosine_resonance,22,120,0.15371640404623851,1,1,1,0,1,1,0,0,0.0,0.0,0.0,0.0,0.5047668567422962,0.5047668567422962
cosine_resonance,23,120,0.14800579131601235,1,1,1,0,1,1,0,0,0.0,0.0,0.0,0.0,0.5047668567422962,0.5047668567422962
cosine_resonance,24,120,0.14565759428063765,1,1,1,0,1,1,0,0,0.0,0.0,0.0,0.0,0.5047668567422962,0.5047668567422962
cosine_resonance,25,120,0.14877842508151287,1,1,1,0,1,1,0,0,0.0,0.0,0.0,0.0,0.5047668567422962,0.5047668567422962
cosine_resonance,26,120,0.1721140178904323,1,1,1,0,1,1,0,0,0.0,0.0,0.0,0.0,0.5047668567422962,0.5047668567422962
cosine_resonance,27,120,0.14904457998691528,1,1,1,0,1,1,0,0,0.0,0.0,0.0,0.0,0.5047668567422962,0.5047668567422962
cosine_resonance,28,120,0.15946085612900268,1,1,1,0,1,1,0,0,0.0,0.0,0.0,0.0,0.5047668567422962,0.5047668567422962
cosine_resonance,29,120,0.16016164181201642,1,1,1,0,1,1,0,0,0.0,0.0,0.0,0.0,0.5047668567422962,0.5047668567422962
cosine_resonance,30,120,0.142597097431592,1,1,1,0,1,1,0,0,0.0,0.0,0.0,0.0,0.5047668567422962,0.5047668567422962
cosine_resonance,31,120,0.18156075286697432,1,1,1,0,1,1,0,0,0.0,0.0,0.0,0.0,0.5047668567422962,0.5047668567422962
cosine_resonance,32,120,0.1529402719463551,1,1,1,0,1,1,0,0,0.0,0.0,0.0,0.0,0.5047668567422962,0.5047668567422962
cosine_resonance,33,120,0.1461500030229269,1,1,1,0,1,1,0,0,0.0,0.0,0.0,0.0,0.5047668567422962,0.5047668567422962
cosine_resonance,34,120,0.15449954431643045,1,1,1,0,1,1,0,0,0.0,0.0,0.0,0.0,0.5047668567422962,0.5047668567422962
cosine_resonance,35,120,0.15739219879012706,1,1,1,0,1,1,0,0,0.0,0.0,0.0,0.0,0.5047668567422962,0.5047668567422962
cosine_resonance,36,120,0.16550766347816506,1,1,1,0,1,1,0,0,0.0,0.0,0.0,0.0,0.5047668567422962,0.5047668567422962
cosine_resonance,37,120,0.15943747400929795,1,1,1,0,1,1,0,0,0.0,0.0,0.0,0.0,0.5047668567422962,0.5047668567422962
cosine_resonance,38,120,0.14861499424329053,1,1,1,0,1,1,0,0,0.0,0.0,0.0,0.0,0.5047668567422962,0.5047668567422962
cosine_resonance,39,120,0.14690023316721834,1,1,1,0,1,1,0,0,0.0,0.0,0.0,0.0,0.5047668567422962,0.5047668567422962
cosine_resonance,40,120,0.15977143620754114,1,1,1,0,1,1,0,0,0.0,0.0,0.0,0.0,0.5047668567422962,0.5047668567422962
cosine_resonance,41,120,0.14939160401661652,1,1,1,0,1,1,0,0,0.0,0.0,0.0,0.0,0.5047668567422962,0.5047668567422962
cosine_resonance,42,120,0.15902996748016582,1,1,1,0,1,1,0,0,0.0,0.0,0.0,0.0,0.5047668567422962,0.5047668567422962
cosine_resonance,43,120,0.1570628945308376,1,1,1,0,1,1,0,0,0.0,0.0,0.0,0.0,0.5047668567422962,0.5047668567422962
cosine_resonance,44,120,0.163568152344921,1,1,1,0,1,1,0,0,0.0,0.0,0.0,0.0,0.5047668567422962,0.5047668567422962
cosine_resonance,45,120,0.1661574564522956,1,1,1,0,1,1,0,0,0.0,0.0,0.0,0.0,0.5047668567422962,0.5047668567422962
cosine_resonance,46,120,0.14693366093986443,1,1,1,0,1,1,0,0,0.0,0.0,0.0,0.0,0.5047668567422962,0.5047668567422962
cosine_resonance,47,120,0.1500015733665187,1,1,1,0,1,1,0,0,0.0,0.0,0.0,0.0,0.5047668567422962,0.5047668567422962
cosine_resonance,48,120,0.15704276265674438,1,1,1,0,1,1,0,0,0.0,0.0,0.0,0.0,0.5047668567422962,0.5047668567422962
cosine_resonance,49,120,0.15208906615404558,1,1,1,0,1,1,0,0,0.0,0.0,0.0,0.0,0.5047668567422962,0.5047668567422962
mixed_resonance,0,120,0.14653771884914632,1,1,1,0,1,1,0,0,0.0,0.0,0.0,0.0,0.5047668567422962,0.5047668567422962
mixed_resonance,1,120,0.15368242509611452,1,1,1,0,1,1,0,0,0.0,0.0,0.0,0.0,0.5047668567422962,0.5047668567422962
mixed_resonance,2,120,0.15589045935931298,1,1,1,0,1,1,0,0,0.0,0.0,0.0,0.0,0.5047668567422962,0.5047668567422962
mixed_resonance,3,120,0.13786685313225153,1,1,1,0,1,1,0,0,0.0,0.0,0.0,0.0,0.5047668567422962,0.5047668567422962
mixed_resonance,4,120,0.15217640875884006,1,1,1,0,1,1,0,0,0.0,0.0,0.0,0.0,0.5047668567422962,0.5047668567422962
mixed_resonance,5,120,0.14823592397339425,1,1,1,0,1,1,0,0,0.0,0.0,0.0,0.0,0.5047668567422962,0.5047668567422962
mixed_resonance,6,120,0.13680106598696642,1,1,1,0,1,1,0,0,0.0,0.0,0.0,0.0,0.5047668567422962,0.5047668567422962
mixed_resonance,7,120,0.13562530405664663,1,1,1,0,1,1,0,0,0.0,0.0,0.0,0.0,0.5047668567422962,0.5047668567422962
mixed_resonance,8,120,0.13811356629321975,1,1,1,0,1,1,0,0,0.0,0.0,0.0,0.0,0.5047668567422962,0.5047668567422962
mixed_resonance,9,120,0.1391329105302756,1,1,1,0,1,1,0,0,0.0,0.0,0.0,0.0,0.5047668567422962,0.5047668567422962
mixed_resonance,10,120,0.15477225392999855,1,1,1,0,1,1,0,0,0.0,0.0,0.0,0.0,0.5047668567422962,0.5047668567422962
mixed_resonance,11,120,0.143741653477635,1,1,1,0,1,1,0,0,0.0,0.0,0.0,0.0,0.5047668567422962,0.5047668567422962
mixed_resonance,12,120,0.13792127215717453,1,1,1,0,1,1,0,0,0.0,0.0,0.0,0.0,0.5047668567422962,0.5047668567422962
mixed_resonance,13,120,0.13896407943925518,1,1,1,0,1,1,0,0,0.0,0.0,0.0,0.0,0.5047668567422962,0.5047668567422962
mixed_resonance,14,120,0.14176364979684186,1,1,1,0,1,1,0,0,0.0,0.0,0.0,0.0,0.5047668567422962,0.5047668567422962
mixed_resonance,15,120,0.13867214731554248,1,1,1,0,1,1,0,0,0.0,0.0,0.0,0.0,0.5047668567422962,0.5047668567422962
mixed_resonance,16,120,0.13085456585752753,1,1,1,0,1,1,0,0,0.0,0.0,0.0,0.0,0.5047668567422962,0.5047668567422962
mixed_resonance,17,120,0.13708293465989566,1,1,1,0,1,1,0,0,0.0,0.0,0.0,0.0,0.5047668567422962,0.5047668567422962
mixed_resonance,18,120,0.1348109676685609,1,1,1,0,1,1,0,0,0.0,0.0,0.0,0.0,0.5047668567422962,0.5047668567422962
mixed_resonance,19,120,0.13069343459406504,1,1,1,0,1,1,0,0,0.0,0.0,0.0,0.0,0.5047668567422962,0.5047668567422962
mixed_resonance,20,120,0.14024961420136542,1,1,1,0,1,1,0,0,0.0,0.0,0.0,0.0,0.5047668567422962,0.5047668567422962
mixed_resonance,21,120,0.1321877005130062,1,1,1,0,1,1,0,0,0.0,0.0,0.0,0.0,0.5047668567422962,0.5047668567422962
mixed_resonance,22,120,0.13715223748520206,1,1,1,0,1,1,0,0,0.0,0.0,0.0,0.0,0.5047668567422962,0.5047668567422962
mixed_resonance,23,120,0.13613783828775905,1,1,1,0,1,1,0,0,0.0,0.0,0.0,0.0,0.5047668567422962,0.5047668567422962
mixed_resonance,24,120,0.13051282754013566,1,1,1,0,1,1,0,0,0.0,0.0,0.0,0.0,0.5047668567422962,0.5047668567422962
mixed_resonance,25,120,0.13621432025794597,1,1,1,0,1,1,0,0,0.0,0.0,0.0,0.0,0.5047668567422962,0.5047668567422962
mixed_resonance,26,120,0.15333099249593515,1,1,1,0,1,1,0,0,0.0,0.0,0.0,0.0,0.5047668567422962,0.5047668567422962
mixed_resonance,27,120,0.136077420855029,1,1,1,0,1,1,0,0,0.0,0.0,0.0,0.0,0.5047668567422962,0.5047668567422962
mixed_resonance,28,120,0.1431474784697729,1,1,1,0,1,1,0,0,0.0,0.0,0.0,0.0,0.5047668567422962,0.5047668567422962
mixed_resonance,29,120,0.13760526278271804,1,1,1,0,1,1,0,0,0.0,0.0,0.0,0.0,0.5047668567422962,0.5047668567422962
mixed_resonance,30,120,0.12812940386551774,1,1,1,0,1,1,0,0,0.0,0.0,0.0,0.0,0.5047668567422962,0.5047668567422962
mixed_resonance,31,120,0.15809216010365912,1,1,1,0,1,1,0,0,0.0,0.0,0.0,0.0,0.5047668567422962,0.5047668567422962
mixed_resonance,32,120,0.13068817000454666,1,1,1,0,1,1,0,0,0.0,0.0,0.0,0.0,0.5047668567422962,0.5047668567422962
mixed_resonance,33,120,0.13047934433825728,1,1,1,0,1,1,0,0,0.0,0.0,0.0,0.0,0.5047668567422962,0.5047668567422962
mixed_resonance,34,120,0.15212817627158837,1,1,1,0,1,1,0,0,0.0,0.0,0.0,0.0,0.5047668567422962,0.5047668567422962
mixed_resonance,35,120,0.14728352299697825,1,1,1,0,1,1,0,0,0.0,0.0,0.0,0.0,0.5047668567422962,0.5047668567422962
mixed_resonance,36,120,0.14289074906794322,1,1,1,0,1,1,0,0,0.0,0.0,0.0,0.0,0.5047668567422962,0.5047668567422962
mixed_resonance,37,120,0.13372852262948076,1,1,1,0,1,1,0,0,0.0,0.0,0.0,0.0,0.5047668567422962,0.5047668567422962
mixed_resonance,38,120,0.1333666154845246,1,1,1,0,1,1,0,0,0.0,0.0,0.0,0.0,0.5047668567422962,0.5047668567422962
mixed_resonance,39,120,0.13704681403999236,1,1,1,0,1,1,0,0,0.0,0.0,0.0,0.0,0.5047668567422962,0.5047668567422962
mixed_resonance,40,120,0.13362038246286076,1,1,1,0,1,1,0,0,0.0,0.0,0.0,0.0,0.5047668567422962,0.5047668567422962
mixed_resonance,41,120,0.13384735623845928,1,1,1,0,1,1,0,0,0.0,0.0,0.0,0.0,0.5047668567422962,0.5047668567422962
mixed_resonance,42,120,0.13567372840937345,1,1,1,0,1,1,0,0,0.0,0.0,0.0,0.0,0.5047668567422962,0.5047668567422962
mixed_resonance,43,120,0.1462293898888741,1,1,1,0,1,1,0,0,0.0,0.0,0.0,0.0,0.5047668567422962,0.5047668567422962
mixed_resonance,44,120,0.1376620126780458,1,1,1,0,1,1,0,0,0.0,0.0,0.0,0.0,0.5047668567422962,0.5047668567422962
mixed_resonance,45,120,0.1369670986950313,1,1,1,0,1,1,0,0,0.0,0.0,0.0,0.0,0.5047668567422962,0.5047668567422962
mixed_resonance,46,120,0.13763757948390465,1,1,1,0,1,1,0,0,0.0,0.0,0.0,0.0,0.5047668567422962,0.5047668567422962
mixed_resonance,47,120,0.1336884409953357,1,1,1,0,1,1,0,0,0.0,0.0,0.0,0.0,0.5047668567422962,0.5047668567422962
mixed_resonance,48,120,0.1442289841257436,1,1,1,0,1,1,0,0,0.0,0.0,0.0,0.0,0.5047668567422962,0.5047668567422962
mixed_resonance,49,120,0.13872557063856134,1,1,1,0,1,1,0,0,0.0,0.0,0.0,0.0,0.5047668567422962,0.5047668567422962
threshold_resonance,0,120,0.09975920554688461,1,1,1,0,1,1,0,0,0.0,0.0,0.0,0.0,0.5047668567422962,0.5047668567422962
threshold_resonance,1,120,0.10614092263914411,1,1,1,0,1,1,0,0,0.0,0.0,0.0,0.0,0.5047668567422962,0.5047668567422962
threshold_resonance,2,120,0.12055313918342918,1,1,1,0,1,1,0,0,0.0,0.0,0.0,0.0,0.5047668567422962,0.5047668567422962
threshold_resonance,3,120,0.08940227358044825,1,1,1,0,1,1,0,0,0.0,0.0,0.0,0.0,0.5047668567422962,0.5047668567422962
threshold_resonance,4,120,0.09926023343630903,1,1,1,0,1,1,0,0,0.0,0.0,0.0,0.0,0.5047668567422962,0.5047668567422962
threshold_resonance,5,120,0.10452719041521975,1,1,1,0,1,1,0,0,0.0,0.0,0.0,0.0,0.5046896079853712,0.5047668567422962
threshold_resonance,6,120,0.09819608791749626,1,1,1,0,1,1,0,0,0.0,0.0,0.0,0.0,0.5045899240017936,0.5047668567422962
threshold_resonance,7,120,0.0886369258030019,1,1,1,0,1,1,0,0,0.0,0.0,0.0,0.0,0.5046495813999515,0.5047668567422962
threshold_resonance,8,120,0.10955620308897038,1,1,1,0,1,1,0,0,0.0,0.0,0.0,0.0,0.5047668567422962,0.5047668567422962
threshold_resonance,9,120,0.10271035434101146,1,1,1,0,1,1,0,0,0.0,0.0,0.0,0.0,0.5047668567422962,0.5047668567422962
threshold_resonance,10,120,0.09190534629754608,1,1,1,0,1,1,0,0,0.0,0.0,0.0,0.0,0.5047668567422962,0.5047668567422962
threshold_resonance,11,120,0.11516872907238322,1,1,1,0,1,1,0,0,0.0,0.0,0.0,0.0,0.5046189733231061,0.5047668567422962
threshold_resonance,12,120,0.10846908127392511,1,1,1,0,1,1,0,0,0.0,0.0,0.0,0.0,0.504753987294045,0.5047668567422962
threshold_resonance,13,120,0.11160575474887027,1,1,1,0,1,1,0,0,0.0,0.0,0.0,0.0,0.5047668567422962,0.5047668567422962
threshold_resonance,14,120,0.10583895141559628,1,1,1,0,1,1,0,0,0.0,0.0,0.0,0.0,0.5047668567422962,0.5047668567422962
threshold_resonance,15,120,0.08998389942679753,1,1,1,0,1,1,0,0,0.0,0.0,0.0,0.0,0.5047668567422962,0.5047668567422962
threshold_resonance,16,120,0.10536315565153802,1,1,1,0,1,1,0,0,0.0,0.0,0.0,0.0,0.5047425238953507,0.5047668567422962
threshold_resonance,17,120,0.11314550758396202,1,1,1,0,1,1,0,0,0.0,0.0,0.0,0.0,0.5047668567422962,0.5047668567422962
threshold_resonance,18,120,0.11320652288785164,1,1,1,0,1,1,0,0,0.0,0.0,0.0,0.0,0.5047668567422962,0.5047668567422962
threshold_resonance,19,120,0.11660759606834081,1,1,1,0,1,1,0,0,0.0,0.0,0.0,0.0,0.5029932525808868,0.5047668567422962
threshold_resonance,20,120,0.0978417648326057,1,1,1,0,1,1,0,0,0.0,0.0,0.0,0.0,0.5047668567422962,0.5047668567422962
threshold_resonance,21,120,0.10014035021557531,1,1,1,0,1,1,0,0,0.0,0.0,0.0,0.0,0.5047668567422962,0.5047668567422962
threshold_resonance,22,120,0.09377132873838738,2,1,1,0,1,1,0,0,0.0,0.0,0.0,0.0,0.5047655888843006,0.5047668567422962
threshold_resonance,23,120,0.09094319191804964,1,1,1,0,1,1,0,0,0.0,0.0,0.0,0.0,0.5047668567422962,0.5047668567422962
threshold_resonance,24,120,0.10242684808541959,1,1,1,0,1,1,0,0,0.0,0.0,0.0,0.0,0.5047668567422962,0.5047668567422962
threshold_resonance,25,120,0.08658919747061995,1,1,1,0,1,1,0,0,0.0,0.0,0.0,0.0,0.5047175983198535,0.5047668567422962
threshold_resonance,26,120,0.09663114540273202,1,1,1,0,1,1,0,0,0.0,0.0,0.0,0.0,0.5047668567422962,0.5047668567422962
threshold_resonance,27,120,0.1041008097257735,1,1,1,0,1,1,0,0,0.0,0.0,0.0,0.0,0.5047668567422962,0.5047668567422962
threshold_resonance,28,120,0.10275490894736515,1,1,1,0,1,1,0,0,0.0,0.0,0.0,0.0,0.5047668567422962,0.5047668567422962
threshold_resonance,29,120,0.09969573286328591,1,1,1,0,1,1,0,0,0.0,0.0,0.0,0.0,0.5047380930559452,0.5047668567422962
threshold_resonance,30,120,0.09672526254206024,1,1,1,0,1,1,0,0,0.0,0.0,0.0,0.0,0.5047668567422962,0.5047668567422962
threshold_resonance,31,120,0.09710420103364732,1,1,1,0,1,1,0,0,0.0,0.0,0.0,0.0,0.5047668567422962,0.5047668567422962
threshold_resonance,32,120,0.09093835244096479,1,1,1,0,1,1,0,0,0.0,0.0,0.0,0.0,0.5047668567422962,0.5047668567422962
threshold_resonance,33,120,0.10481011890284833,1,1,1,0,1,1,0,0,0.0,0.0,0.0,0.0,0.5047668567422962,0.5047668567422962
threshold_resonance,34,120,0.08170202833362329,1,1,1,0,1,1,0,0,0.0,0.0,0.0,0.0,0.5047668567422962,0.5047668567422962
threshold_resonance,35,120,0.10191345161010397,1,1,1,0,1,1,0,0,0.0,0.0,0.0,0.0,0.5041491158446354,0.5047668567422962
threshold_resonance,36,120,0.08975232310855659,1,1,1,0,1,1,0,0,0.0,0.0,0.0,0.0,0.5047668567422962,0.5047668567422962
threshold_resonance,37,120,0.09899233276380591,1,1,1,0,1,1,0,0,0.0,0.0,0.0,0.0,0.5047668567422962,0.5047668567422962
threshold_resonance,38,120,0.09384130637933731,1,1,1,0,1,1,0,0,0.0,0.0,0.0,0.0,0.5047636270387201,0.5047668567422962
threshold_resonance,39,120,0.10272063779722759,1,1,1,0,1,1,0,0,0.0,0.0,0.0,0.0,0.5047668567422962,0.5047668567422962
threshold_resonance,40,120,0.10719726568328838,1,1,1,0,1,1,0,0,0.0,0.0,0.0,0.0,0.5047668567422962,0.5047668567422962
threshold_resonance,41,120,0.12617240225218676,1,1,1,0,1,1,0,0,0.0,0.0,0.0,0.0,0.5047668567422962,0.5047668567422962
threshold_resonance,42,120,0.10234947404588653,1,1,1,0,1,1,0,0,0.0,0.0,0.0,0.0,0.5047664912559578,0.5047668567422962
threshold_resonance,43,120,0.09586103817286783,1,1,1,0,1,1,0,0,0.0,0.0,0.0,0.0,0.5047668567422962,0.5047668567422962
threshold_resonance,44,120,0.10853575689990387,1,1,1,0,1,1,0,0,0.0,0.0,0.0,0.0,0.5046889697086172,0.5047668567422962
threshold_resonance,45,120,0.11118181975881616,1,1,1,0,1,1,0,0,0.0,0.0,0.0,0.0,0.5047668567422962,0.5047668567422962
threshold_resonance,46,120,0.10554422241864733,1,1,1,0,1,1,0,0,0.0,0.0,0.0,0.0,0.5047511157058667,0.5047668567422962
threshold_resonance,47,120,0.08446775741496838,1,1,1,0,1,1,0,0,0.0,0.0,0.0,0.0,0.504766430781237,0.5047668567422962
threshold_resonance,48,120,0.10382809887003937,1,1,1,0,1,1,0,0,0.0,0.0,0.0,0.0,0.5047165489878219,0.5047668567422962
threshold_resonance,49,120,0.10339554480452604,1,1,1,0,1,1,0,0,0.0,0.0,0.0,0.0,0.5044216930027905,0.5047668567422962
random_projection,0,120,0.11840860074461958,120,1,1,0,1,1,0,0,0.0,0.0,0.0,0.0,0.496250850003233,0.5047668567422962
random_projection,1,120,0.12017280047763436,142,1,1,0,1,1,0,0,0.0,0.0,0.0,0.0,0.49363145694269334,0.5027162725805205
random_projection,2,120,0.12706033290563715,127,1,1,0,1,1,0,0,0.0,0.0,0.0,0.0,0.49602156417902865,0.5047668567422962
random_projection,3,120,0.11284867133775323,147,1,1,0,1,1,0,0,0.0,0.0,0.0,0.0,0.4939172215045043,0.5047668567422962
random_projection,4,120,0.12899401203828872,138,1,1,0,1,1,0,0,0.0,0.0,0.0,0.0,0.4958306650083777,0.5047668567422962
random_projection,5,120,0.12085138907473092,137,1,1,0,1,1,0,0,0.0,0.0,0.0,0.0,0.49538715983937776,0.5047668567422962
random_projection,6,120,0.11762315328853513,120,1,1,0,1,1,0,0,0.0,0.0,0.0,0.0,0.4962086366603338,0.5047668567422962
random_projection,7,120,0.11752273237691685,131,1,1,0,1,1,0,0,0.0,0.0,0.0,0.0,0.49637610772674456,0.5047668567422962
random_projection,8,120,0.1174227600119278,157,1,1,0,1,1,0,0,0.0,0.0,0.0,0.0,0.4942265115593859,0.5037802859693944
random_projection,9,120,0.1145972449550917,143,1,1,0,1,1,0,0,0.0,0.0,0.0,0.0,0.4923628828566475,0.5047668567422962
random_projection,10,120,0.12032379794977519,121,1,1,0,1,1,0,0,0.0,0.0,0.0,0.0,0.49594649719795647,0.5047668567422962
random_projection,11,120,0.11347787060570086,144,1,1,0,1,1,0,0,0.0,0.0,0.0,0.0,0.4940979524992841,0.5047668567422962
random_projection,12,120,0.11805058195094317,127,1,1,0,1,1,0,0,0.0,0.0,0.0,0.0,0.49735159452808814,0.5047668567422962
random_projection,13,120,0.10512099165829819,137,1,1,0,1,1,0,0,0.0,0.0,0.0,0.0,0.49599888790748903,0.5047668567422962
random_projection,14,120,0.11451351820203493,138,1,1,0,1,1,0,0,0.0,0.0,0.0,0.0,0.49444102722795086,0.5047668567422962
random_projection,15,120,0.11742717073292021,130,1,1,0,1,1,0,0,0.0,0.0,0.0,0.0,0.4949870908857079,0.5047668567422962
random_projection,16,120,0.11038953368175801,127,1,1,0,1,1,0,0,0.0,0.0,0.0,0.0,0.4962055752922434,0.5047668567422962
random_projection,17,120,0.10894228225717796,111,1,1,0,1,1,0,0,0.0,0.0,0.0,0.0,0.49747271030433204,0.5047668567422962
random_projection,18,120,0.11758941647839845,144,1,1,0,1,1,0,0,0.0,0.0,0.0,0.0,0.4951368634319362,0.5037802859693944
random_projection,19,120,0.1179071708354946,121,1,1,0,1,1,0,0,0.0,0.0,0.0,0.0,0.49627888505314516,0.5047668567422962
random_projection,20,120,0.12760811830691915,131,1,1,0,1,1,0,0,0.0,0.0,0.0,0.0,0.49446037419416433,0.5047668567422962
random_projection,21,120,0.10511448557803127,141,1,1,0,1,1,0,0,0.0,0.0,0.0,0.0,0.49250018310298144,0.5037802859693944
random_projection,22,120,0.11478136907858821,122,1,1,0,1,1,0,0,0.0,0.0,0.0,0.0,0.4958070095433455,0.5047668567422962
random_projection,23,120,0.112190570281493,128,1,1,0,1,1,0,0,0.0,0.0,0.0,0.0,0.4965565017854839,0.5047668567422962
random_projection,24,120,0.11122068398789826,131,1,1,0,1,1,0,0,0.0,0.0,0.0,0.0,0.4951654712688571,0.5047668567422962
random_projection,25,120,0.11022599879061046,127,1,1,0,1,1,0,0,0.0,0.0,0.0,0.0,0.49606107909091995,0.5047668567422962
random_projection,26,120,0.12420880019725662,123,1,1,0,1,1,0,0,0.0,0.0,0.0,0.0,0.4973643119718029,0.5047668567422962
random_projection,27,120,0.12467829048593174,117,1,1,0,1,1,0,0,0.0,0.0,0.0,0.0,0.495825601579801,0.5047668567422962
random_projection,28,120,0.12048358170924138,145,1,1,0,1,1,0,0,0.0,0.0,0.0,0.0,0.49339870890159404,0.5047668567422962
random_projection,29,120,0.11797827639714867,145,1,1,0,1,1,0,0,0.0,0.0,0.0,0.0,0.4965566516316525,0.5047668567422962
random_projection,30,120,0.11919814409893698,122,1,1,0,1,1,0,0,0.0,0.0,0.0,0.0,0.4953106811420237,0.5047668567422962
random_projection,31,120,0.1238260102211569,125,1,1,0,1,1,0,0,0.0,0.0,0.0,0.0,0.49688575182979144,0.5047668567422962
random_projection,32,120,0.11979179255889341,106,1,1,0,1,1,0,0,0.0,0.0,0.0,0.0,0.49793338009412696,0.5047668567422962
random_projection,33,120,0.11715946630405301,126,1,1,0,1,1,0,0,0.0,0.0,0.0,0.0,0.49498016311179766,0.5047668567422962
random_projection,34,120,0.12360625433324077,141,1,1,0,1,1,0,0,0.0,0.0,0.0,0.0,0.4957713247890077,0.5047668567422962
random_projection,35,120,0.10928201719957495,129,1,1,0,1,1,0,0,0.0,0.0,0.0,0.0,0.4954511584953078,0.5047668567422962
random_projection,36,120,0.12010713726318252,141,1,1,0,1,1,0,0,0.0,0.0,0.0,0.0,0.49478879894100297,0.5047668567422962
random_projection,37,120,0.1278497784550518,137,1,1,0,1,1,0,0,0.0,0.0,0.0,0.0,0.4958031551004898,0.5037802859693944
random_projection,38,120,0.11836091668358123,129,1,1,0,1,1,0,0,0.0,0.0,0.0,0.0,0.4946882803704614,0.5047668567422962
random_projection,39,120,0.10856098518559895,136,1,1,0,1,1,0,0,0.0,0.0,0.0,0.0,0.4954986721828251,0.5047668567422962
random_projection,40,120,0.11512219410741996,125,1,1,0,1,1,0,0,0.0,0.0,0.0,0.0,0.49493647314004185,0.5047668567422962
random_projection,41,120,0.10304104250924379,165,1,1,0,1,1,0,0,0.0,0.0,0.0,0.0,0.49383733204071345,0.5037802859693944
random_projection,42,120,0.12344156295743708,132,1,1,0,1,1,0,0,0.0,0.0,0.0,0.0,0.49500097931127895,0.5047668567422962
random_projection,43,120,0.11820911648600743,113,1,1,0,1,1,0,0,0.0,0.0,0.0,0.0,0.4973920382391744,0.5047668567422962
random_projection,44,120,0.12417829335849978,141,1,1,0,1,1,0,0,0.0,0.0,0.0,0.0,0.4936591968830265,0.5047668567422962
random_projection,45,120,0.12863973061234668,136,1,1,0,1,1,0,0,0.0,0.0,0.0,0.0,0.49484709388003045,0.5047668567422962
random_projection,46,120,0.11654481829575897,138,1,1,0,1,1,0,0,0.0,0.0,0.0,0.0,0.49425037723047055,0.5047668567422962
random_projection,47,120,0.10820980268312153,137,1,1,0,1,1,0,0,0.0,0.0,0.0,0.0,0.4962445959681845,0.5037802859693944
random_projection,48,120,0.12790411753714837,148,1,1,0,1,1,0,0,0.0,0.0,0.0,0.0,0.4959613376187234,0.5047668567422962
random_projection,49,120,0.1215219659399315,132,1,1,0,1,1,0,0,0.0,0.0,0.0,0.0,0.4957295698851862,0.5047668567422962
